,title,link,date
0, [포토뉴스] 전방으로 간 이재명…‘안보’ 부각,https://www.khan.co.kr/politics/defense-diplomacy/article/202301192130005,4시간 전
1," 반발 수위 높인 이란, 원유대금·인권문제 등 ‘불편함’ 폭발",https://www.khan.co.kr/politics/defense-diplomacy/article/202301192122015,4시간 전
2," 윤 대통령, 다보스 연설 ‘자유와 연대’ 기치로 협력 강화···중국 배제엔 선 긋고, ‘탈원전 폐기’는 재차 강조",https://www.khan.co.kr/politics/defense-diplomacy/article/202301191955001,6시간 전
3," 작심한 이란, 尹 실언으로 ‘불만 분출’…긴장 수위 높아지는 한-이란",https://www.khan.co.kr/politics/defense-diplomacy/article/202301191745001,8시간 전
4," 합참의장, 아크부대 등에 “현지 정세 면밀히 평가해야”",https://www.khan.co.kr/politics/defense-diplomacy/article/202301191652001,9시간 전
5," 외교1차관, 주한 이란대사 초치…윤 대통령 발언 입장 설명",https://www.khan.co.kr/politics/defense-diplomacy/article/202301191439001,11시간 전
6," ‘설 연휴 긴급 상황 걱정마세요’···군, 3300명 소방·의료·구조병력 지원",https://www.khan.co.kr/politics/defense-diplomacy/article/202301191431001,11시간 전
7," 윤 대통령, 스위스 경제외교 돌입···시장 중심·규제 완화 ‘세일즈 외교’",https://www.khan.co.kr/politics/defense-diplomacy/article/202301190629001,19시간 전
8," 윤 대통령, 글로벌 CEO들 만나 “시장 열려있다···시장 중심으로 할 것”",https://www.khan.co.kr/politics/defense-diplomacy/article/202301190405001,21시간 전
9, ‘6·25 참전’ 유해 수습 4년 만에 신원 확인,https://www.khan.co.kr/politics/defense-diplomacy/article/202301182233045,2023.01.18 22:33
10, 주한 이란대사관 “UAE는 이란의 두번째 교역국···한국 정부 설명 기다리고 있다”,https://www.khan.co.kr/politics/defense-diplomacy/article/202301181929001,2023.01.18 19:29
11, 아들 보지 못하고 화살머리고지에서 떠난 오문교 이등중사 신원 확인,https://www.khan.co.kr/politics/defense-diplomacy/article/202301181631011,2023.01.18 16:31
12," ‘위기의 광복회’…김황식 전 총리 등 원로 13명, 정상화 촉구 성명",https://www.khan.co.kr/politics/defense-diplomacy/article/202301181601001,2023.01.18 16:01
13," 김정은, 시진핑·푸틴에 연하장…‘반제·반미’ 연대 과시",https://www.khan.co.kr/politics/defense-diplomacy/article/202301181126001,2023.01.18 11:26
14," 윤 대통령, 스위스 도착…“보편 가치 공유하는 기술선도국과 협력”",https://www.khan.co.kr/politics/defense-diplomacy/article/202301180721001,2023.01.18 07:21
15, [윤 대통령 순방] ‘300억달러 유치’ 경제 외교 성과…난데없는 “이란 적” 발언에 퇴색,https://www.khan.co.kr/politics/defense-diplomacy/article/202301172115005,2023.01.17 21:15
16," 대통령 ‘가벼운 입’, 또…외교 리스크",https://www.khan.co.kr/politics/defense-diplomacy/article/202301172111015,2023.01.17 21:11
17, 외통위 ‘UAE 적 이란’ 윤 대통령 발언 공방···“외교 참사” “사실 얘기”,https://www.khan.co.kr/politics/defense-diplomacy/article/202301171810001,2023.01.17 18:10
18, 300억달러 투자 유치 성과···‘UAE 적 이란’ 발언으로 또 외교 리스크 자초,https://www.khan.co.kr/politics/defense-diplomacy/article/202301171759001,2023.01.17 17:59
19, 외교적 파장 일으킨 윤 대통령의 ‘가벼운 입’···단순하고 편향된 국제정세 인식이 문제라는 지적도,https://www.khan.co.kr/politics/defense-diplomacy/article/202301171725001,2023.01.17 17:25
20," [영상]KF-21 ‘시제 1호기’, 4만피트 상공 첫 초음속 비행 성공",https://www.khan.co.kr/politics/defense-diplomacy/article/202301171716001,2023.01.17 17:16
21," 윤 대통령 “한·일관계, 깊은 질곡에 빠져있었으나 최근 개선 흐름”",https://www.khan.co.kr/politics/defense-diplomacy/article/202301171517001,2023.01.17 15:17
22, 독립운동가 최재형 선생 묘 복원 가능···국립묘지 개정안 의결,https://www.khan.co.kr/politics/defense-diplomacy/article/202301171354001,2023.01.17 13:54
23," 코로나19로 축소됐던 예비군 훈련, 올해부터 정상화",https://www.khan.co.kr/politics/defense-diplomacy/article/202301171126001,2023.01.17 11:26
24," 국회 외통위, 외교부·통일부 현안질의…강제동원 해법 쟁점",https://www.khan.co.kr/politics/defense-diplomacy/article/202301170740001,2023.01.17 07:40
25," 윤 대통령, UAE 동행 기업인들 만나 “저는 대한민국 영업사원”",https://www.khan.co.kr/politics/defense-diplomacy/article/202301170621001,2023.01.17 06:21
26," 대통령실, 2월 한·일 정상회담 가능성에 “예단 이르다”",https://www.khan.co.kr/politics/defense-diplomacy/article/202301170456001,2023.01.17 04:56
27, 한·UAE 공동성명 “UAE나 제3국 원전사업 추진” “300억 달러 투자” 명시,https://www.khan.co.kr/politics/defense-diplomacy/article/202301170030001,2023.01.17 00:30
28, 바라카 원전 간 윤 대통령 “추가 원전 협력해 제3국 수출”,https://www.khan.co.kr/politics/defense-diplomacy/article/202301162253005,2023.01.16 22:53
29," 한일 강제동원 해법 논의, ‘일본의 성의있는 조치’ 입장 차 여전",https://www.khan.co.kr/politics/defense-diplomacy/article/202301162243001,2023.01.16 22:43
30," 한·UAE 정상, 바라카 원전 방문 “양국 관계 상징…추가 원전 협력 등 성과 낼 때”",https://www.khan.co.kr/politics/defense-diplomacy/article/202301162138001,2023.01.16 21:38
31, “3자 변제” 닷새 만에 한·일 실무협의…‘일본 강제동원 해법’ 속도내는 정부,https://www.khan.co.kr/politics/defense-diplomacy/article/202301162043025,2023.01.16 20:43
32, 속도내는 강제동원 배상 협의···‘제3자 변제’ 공식화 나흘만에 도쿄에서 한일국장급 협의,https://www.khan.co.kr/politics/defense-diplomacy/article/202301161728001,2023.01.16 17:28
33," 윤 대통령, UAE 사흘째 행보 초점 ‘에너지·비즈니스’ 정상 외교",https://www.khan.co.kr/politics/defense-diplomacy/article/202301161713001,2023.01.16 17:13
34, 이재명 “대일 저자세 굴종 외교 점입가경”···윤석열 정부 강제동원 해법 비판,https://www.khan.co.kr/politics/defense-diplomacy/article/202301161616001,2023.01.16 16:16
35," 김정은, 최고인민회의 나오나···‘경제’와 ‘통제’ 주요 안건",https://www.khan.co.kr/politics/defense-diplomacy/article/202301161150011,2023.01.16 11:50
36," 태백서 훈련 중 사망한 이등병, 순직 인정하고 일병으로 특진 추서",https://www.khan.co.kr/politics/defense-diplomacy/article/202301161120011,2023.01.16 11:20
37, 한-UAE 전략적 방위산업협력 양해각서 체결…“공동투자·연구개발”,https://www.khan.co.kr/politics/defense-diplomacy/article/202301161034001,2023.01.16 10:34
38," 윤 대통령, 아크 부대 찾아 “형제국 안보가 우리 안보”",https://www.khan.co.kr/politics/defense-diplomacy/article/202301160338001,2023.01.16 03:38
39," 미국 해군참모총장, ‘서해 훈련’ 언급···중국 견제 목적 관측",https://www.khan.co.kr/politics/defense-diplomacy/article/202301152217001,2023.01.15 22:17
40," 일본 반격능력 ‘창’ 쥐여준 미, 중국 견제 ‘강력한 동맹’ 전환",https://www.khan.co.kr/politics/defense-diplomacy/article/202301152110025,2023.01.15 21:10
41, UAE 유공자 현충원 찾아 헌화…초대 대통령 묘소 참배도,https://www.khan.co.kr/politics/defense-diplomacy/article/202301152106015,2023.01.15 21:06
42, 한·UAE 정상회담…“300억달러 투자 유치”,https://www.khan.co.kr/politics/defense-diplomacy/article/202301152049005,2023.01.15 20:49
43," ‘경제 외교 시험대’ 한·UAE 정상회담, 대통령실 “UAE, 한국에 300억 달러 투자 결정”",https://www.khan.co.kr/politics/defense-diplomacy/article/202301151951001,2023.01.15 19:51
44," [속보] 대통령실 “UAE, 한국에 300억달러 투자 결정”",https://www.khan.co.kr/politics/defense-diplomacy/article/202301151849001,2023.01.15 18:49
45," 윤 대통령, UAE 현충원·모스크 등 방문…“굳게 협력할 것”",https://www.khan.co.kr/politics/defense-diplomacy/article/202301151848001,2023.01.15 18:48
46, [뉴스분석] 미국 지지 아래 ‘군사대국화’로 들어선 일본···한·미·일 군사협력 강화 요구도 거세질 듯,https://www.khan.co.kr/politics/defense-diplomacy/article/202301151729001,2023.01.15 17:29
47," 윤 대통령, UAE 동포 간담회에서 “획기적 도약 발판 마련하겠다”",https://www.khan.co.kr/politics/defense-diplomacy/article/202301150349001,2023.01.15 03:49
48," 윤 대통령, UAE 영접 받은 뒤 “큰 성과 도출되길 기대”",https://www.khan.co.kr/politics/defense-diplomacy/article/202301150100001,2023.01.15 01:00
49," 윤 대통령, 전투기 호위 받으며 UAE 도착···‘경제외교’ 돌입",https://www.khan.co.kr/politics/defense-diplomacy/article/202301142325001,2023.01.14 23:25
50," 윤 대통령, 14일 ‘경제 외교’ 2개국 순방 길…설 민심 잡을 선물 들고 올까",https://www.khan.co.kr/politics/defense-diplomacy/article/202301132057005,2023.01.13 20:57
51," 순방 하루 앞둔 윤 대통령, 경제외교 성과·설 민심·순방 리스크 관리 ‘시험대’",https://www.khan.co.kr/politics/defense-diplomacy/article/202301131804001,2023.01.13 18:04
52," ‘강제동원 제3자 변제’ 공식화 다음날, 한·일 외교장관 통화",https://www.khan.co.kr/politics/defense-diplomacy/article/202301131550001,2023.01.13 15:50
53, 공군 최초 부부 비행대대장 탄생···공사 동기 김민지·김익규 중령,https://www.khan.co.kr/politics/defense-diplomacy/article/202301131133001,2023.01.13 11:33
54," 북한, 일본 총리 G7 순방에 “군비증강 지지 청탁여행”···‘아시아 나토’ 경계",https://www.khan.co.kr/politics/defense-diplomacy/article/202301131132011,2023.01.13 11:32
55," [단독]국정원, 불법 사찰 논란에 없앤 ‘공직자 인사검증’ 되살려···신원검증센터 신설",https://www.khan.co.kr/politics/defense-diplomacy/article/202301130600051,2023.01.13 06:00
56, 대통령발 ‘핵무장론’ 파장…야당 “대통령 입이 안보 리스크”,https://www.khan.co.kr/politics/defense-diplomacy/article/202301122054005,2023.01.12 20:54
57," 일본 빠지고, 피해자 동의 배제…“굴욕적 해법” 역풍 불가피",https://www.khan.co.kr/politics/defense-diplomacy/article/202301122051015,2023.01.12 20:51
58, 피해자 측 “매국노” 거센 반발…토론회 파행,https://www.khan.co.kr/politics/defense-diplomacy/article/202301122051005,2023.01.12 20:51
59," 정부 “일 사과·배상 어렵다, 제3자 변제”…강제동원 해법 일본 ‘뜻’대로",https://www.khan.co.kr/politics/defense-diplomacy/article/202301122049005,2023.01.12 20:49
60," 균형감 없는 정부의 강제징용 해법, 국내적 혼란과 역풍 조짐",https://www.khan.co.kr/politics/defense-diplomacy/article/202301121812001,2023.01.12 18:12
61, 윤 대통령 ‘핵 보유’ 발언 파장 확산…“대통령이 안보 리스크”,https://www.khan.co.kr/politics/defense-diplomacy/article/202301121803001,2023.01.12 18:03
62, 피해자 측 항의 쏟아진 강제동원 토론회···“굴욕적 해법안 졸속으로 밀어붙여”,https://www.khan.co.kr/politics/defense-diplomacy/article/202301121731001,2023.01.12 17:31
63," 11년만에 통일부 ‘따로’ 업무보고…대북 압박 우선, 대화 후순위 현실",https://www.khan.co.kr/politics/defense-diplomacy/article/202301121711011,2023.01.12 17:11
64," 정부, 강제동원 문제 해법 공식화···‘일본기업 대신 국내 재단이 배상금 지급’",https://www.khan.co.kr/politics/defense-diplomacy/article/202301121636011,2023.01.12 16:36
65, 세계 4대 방산수출국 도약 목표 맞춰 ‘방위사업계약법’도 속도 내나,https://www.khan.co.kr/politics/defense-diplomacy/article/202301121551001,2023.01.12 15:51
66, 한·미 내달 확장억제연습…북 미사일 ‘선제타격 개념’ 대응,https://www.khan.co.kr/politics/defense-diplomacy/article/202301112044015,2023.01.11 20:44
67, 윤 대통령 “일본 방위비 증액 누가 뭐라 하겠나”···“상황 심각해지면 핵 보유할 수도”,https://www.khan.co.kr/politics/defense-diplomacy/article/202301111758001,2023.01.11 17:58
68, 외교부 신년 업무보고 “한반도 문제 넘어 가치공유 연대 추진”,https://www.khan.co.kr/politics/defense-diplomacy/article/202301111734001,2023.01.11 17:34
69," 한·미, 내달 북한의 핵 공격 시나리오 가정 훈련···국방부 연두 업무보고",https://www.khan.co.kr/politics/defense-diplomacy/article/202301111656001,2023.01.11 16:56
70, 미 국방부 “한국전쟁 추모의 벽 오류는 매우 유감스러운 실수”,https://www.khan.co.kr/politics/defense-diplomacy/article/202301111034001,2023.01.11 10:34
71," 윤 대통령, 14~21일 UAE·스위스행…다시 ‘경제 외교’",https://www.khan.co.kr/politics/defense-diplomacy/article/202301102120015,2023.01.10 21:20
72, ‘방역 빗장’ 9일 만에 기습 발표…무역·비즈니스 영향 제한적일 듯,https://www.khan.co.kr/politics/defense-diplomacy/article/202301102105015,2023.01.10 21:05
73, 한국 방역강화 조치 9일 만에 단기비자 발급 중단으로 대응한 중국···정부 “유감스럽다”,https://www.khan.co.kr/politics/defense-diplomacy/article/202301101733001,2023.01.10 17:33
74, 윤 대통령 14~17일 UAE·스위스 순방…‘경제외교’ 초점,https://www.khan.co.kr/politics/defense-diplomacy/article/202301101726001,2023.01.10 17:26
75, 한·미 경제외교 담당 차관 양자협의…공급망·IRA 논의,https://www.khan.co.kr/politics/defense-diplomacy/article/202301101618001,2023.01.10 16:18
76, 지난해 국내 입국 탈북민 67명…코로나로 ‘급감’ 전년과 비슷,https://www.khan.co.kr/politics/defense-diplomacy/article/202301101512011,2023.01.10 15:12
77, 국방부 “북한 무인기 대응은 자위권 차원…합법적 권리”,https://www.khan.co.kr/politics/defense-diplomacy/article/202301091757001,2023.01.09 17:57
78, 합참의장 “적은 예상치 못하고 대응 어려운 상황으로 도발할 것”,https://www.khan.co.kr/politics/defense-diplomacy/article/202301091752001,2023.01.09 17:52
79," 9·19 파기에 색깔론까지···정부 대북정책, 새해 급격히 ‘과거 회귀’",https://www.khan.co.kr/politics/defense-diplomacy/article/202301081728001,2023.01.08 17:28
80," 군, 북 무인기 인지 90분 뒤 대비태세···이미 서울 뚫린 시각",https://www.khan.co.kr/politics/defense-diplomacy/article/202301081523001,2023.01.08 15:23
81, ‘축구장 158개 크기’ 인천 군부대 이전 터에 공원·체육·아파트 조성,https://www.khan.co.kr/politics/defense-diplomacy/article/202301081105001,2023.01.08 11:05
82, [동북아 ‘신지정학 시대’…한·중·일 관계 해법을 듣다] “윤 정부 ‘담대한 구상’ 과연 북이 받아들일까…시 주석은 그걸 본 것”,https://www.khan.co.kr/politics/defense-diplomacy/article/202301062105005,2023.01.06 21:05
83, 군 수뇌부 즉각 문책론에 선 긋는 윤 대통령,https://www.khan.co.kr/politics/defense-diplomacy/article/202301062042005,2023.01.06 20:42
84," 김용현 경호처장, 북 무인기 ‘악연’",https://www.khan.co.kr/politics/defense-diplomacy/article/202301062039005,2023.01.06 20:39
85, 이종섭·김승겸 경질론 비등···선 긋는 대통령실,https://www.khan.co.kr/politics/defense-diplomacy/article/202301061736001,2023.01.06 17:36
86, ‘무인기 악연’ 김용현 경호처장···수방사령관 시절 이어 다시 경질론,https://www.khan.co.kr/politics/defense-diplomacy/article/202301061540001,2023.01.06 15:40
87, ‘한중 수교 성명’ 서명한 이상옥 전 외무장관 별세,https://www.khan.co.kr/politics/defense-diplomacy/article/202301061449001,2023.01.06 14:49
88," 군, 대통령실 이전에 따른 비행금지구역 축소 지적에 “B 구역 없애서 더 강력해져” 주장",https://www.khan.co.kr/politics/defense-diplomacy/article/202301061332001,2023.01.06 13:32
89," 국민의힘, 무인기 침범 가능성 제기한 김병주에 공세···“신통력 있나”",https://www.khan.co.kr/politics/defense-diplomacy/article/202301060929011,2023.01.06 09:29
90, 대통령실 “윤 대통령이 공개 지시”…‘군 거짓해명’ 비판 방어,https://www.khan.co.kr/politics/defense-diplomacy/article/202301052106015,2023.01.05 21:06
91," 윤 대통령 “9·19 군사합의 효력 정지 검토” 하루 만에…통일부, 대북 확성기·전단 재개 허용 검토",https://www.khan.co.kr/politics/defense-diplomacy/article/202301052106005,2023.01.05 21:06
92," 군, 북 무인기 대응 ‘총체적 무능’",https://www.khan.co.kr/politics/defense-diplomacy/article/202301052102025,2023.01.05 21:02
93," 대통령실 “야당, 무인기 용산 침투 자료 어디서 받았냐” 김영배 “바이든-날리면 시즌2”",https://www.khan.co.kr/politics/defense-diplomacy/article/202301052034001,2023.01.05 20:34
94, 대통령실 “윤 대통령이 북한 무인기 항적 공개 지시한 것”···비행금지구역 침범 사실 은폐 비판 방어나서,https://www.khan.co.kr/politics/defense-diplomacy/article/202301052028001,2023.01.05 20:28
95, 국정원 “북한 무인기 대통령실 촬영 가능성 배제 못해”,https://www.khan.co.kr/politics/defense-diplomacy/article/202301051950001,2023.01.05 19:50
96, [영상]국산 초음속전투기 KF-21 3호기도 첫 비행 성공,https://www.khan.co.kr/politics/defense-diplomacy/article/202301051807001,2023.01.05 18:07
97," 군, 북 무인기 도발 10일 만에 비행금지구역 침범 인정···총체적 난맥상 노출",https://www.khan.co.kr/politics/defense-diplomacy/article/202301051801001,2023.01.05 18:01
98," 대통령실, 북한 무인기 ‘비행금지구역 침범’에 침묵…전날 보고 후 브리핑에서도 제외",https://www.khan.co.kr/politics/defense-diplomacy/article/202301051740001,2023.01.05 17:40
99, 9·19 효력정지시 대북 확성기·전단 검토···‘강 대 강’ 조장하는 통일부,https://www.khan.co.kr/politics/defense-diplomacy/article/202301051727001,2023.01.05 17:27
100," [속보] 국정원 “북한 무인기, 용산 대통령실 촬영 가능성 있다”",https://www.khan.co.kr/politics/defense-diplomacy/article/202301051723001,2023.01.05 17:23
101, [속보] 국정원 “북한 리용호 전 외무상 숙청 확인···처형 여부는 확인 안돼”,https://www.khan.co.kr/politics/defense-diplomacy/article/202301051716011,2023.01.05 17:16
102," 민주당, 북한 무인기 군 발표 번복에 “허위보고는 최악의 이적행위···청문회 추진”",https://www.khan.co.kr/politics/defense-diplomacy/article/202301051646001,2023.01.05 16:46
103," 주한중국대사관, 한국 국회의원단 대만 방문에 입장문 발표···“결연한 반대와 항의”",https://www.khan.co.kr/politics/defense-diplomacy/article/202301051514001,2023.01.05 15:14
104, 일주일 만에 또···오늘 북 무인기 대응 합동방공훈련,https://www.khan.co.kr/politics/defense-diplomacy/article/202301051510001,2023.01.05 15:10
105," 해군, 실사격 해상훈련···함정 13척·항공기 4대 참가",https://www.khan.co.kr/politics/defense-diplomacy/article/202301051503001,2023.01.05 15:03
106," 통일부, ‘9·19 군사합의’ 정지시 ‘대북 확성기·전단’ 가능 여부 검토",https://www.khan.co.kr/politics/defense-diplomacy/article/202301051130001,2023.01.05 11:30
107," [속보] 군 “북한 무인기, 비행금지구역 침범”···7일만에 발표 번복",https://www.khan.co.kr/politics/defense-diplomacy/article/202301051118001,2023.01.05 11:18
108, 날 세운 윤 대통령…남북 긴장 ‘최고조’,https://www.khan.co.kr/politics/defense-diplomacy/article/202301042049005,2023.01.04 20:49
109, 북한 더 자극하나…합의 파기 땐 위기 관리 ‘안전핀’ 사라져,https://www.khan.co.kr/politics/defense-diplomacy/article/202301042043025,2023.01.04 20:43
110," 남북, 군사정찰위성 개발 경쟁 가속",https://www.khan.co.kr/politics/defense-diplomacy/article/202301042043005,2023.01.04 20:43
111, 대통령이 ‘남북 군사합의’ 무력화 시사···“위기 고조 아닌 관리가 정부 역할” 비판,https://www.khan.co.kr/politics/defense-diplomacy/article/202301041756001,2023.01.04 17:56
112, 윤 대통령 “9·19 군사합의 효력 정지 검토”…강 대 강 대치로 한반도 긴장 고조 불가피,https://www.khan.co.kr/politics/defense-diplomacy/article/202301041719001,2023.01.04 17:19
113," 남북, 군사정찰위성 개발 ‘가속페달’···올해 치열한 경쟁",https://www.khan.co.kr/politics/defense-diplomacy/article/202301041702011,2023.01.04 17:02
114," “윤 대통령, 북한 다시 영토 침범시 9·19 합의 효력정지 검토”",https://www.khan.co.kr/politics/defense-diplomacy/article/202301041133001,2023.01.04 11:33
115, 유엔사 “핑크폰으로 대북통지문 98건 보내···365일 24시간 대기” 활동 공개,https://www.khan.co.kr/politics/defense-diplomacy/article/202301041124001,2023.01.04 11:24
116, [동북아 ‘신지정학 시대’…한·중·일 관계 해법을 듣다] “한·일 모두 ‘안미경중’…공통 이해 기반해 ‘비대국’ 목소리 키워야”,https://www.khan.co.kr/politics/defense-diplomacy/article/202301032144005,2023.01.03 21:44
117," 정부, ‘강제동원 해법’ 마지막 수순…이달 안으로 민관 대토론회 열기로",https://www.khan.co.kr/politics/defense-diplomacy/article/202301032103015,2023.01.03 21:03
118, ‘북핵 사용’ 시뮬레이션 훈련 올해부터 정례화…미 전폭기 작전 지원 훈련 열릴 수도,https://www.khan.co.kr/politics/defense-diplomacy/article/202301032059015,2023.01.03 20:59
119, 한국과 공동 핵 연습 논의? 바이든 “No”…또 말로 꼬인 한·미,https://www.khan.co.kr/politics/defense-diplomacy/article/202301032059005,2023.01.03 20:59
120, 日 지한파 기미야 다다시 교수 “한·일 모두 ‘안미경중’...공통 이해 기반해 ‘비대국’ 목소리 키워야”,https://www.khan.co.kr/politics/defense-diplomacy/article/202301031955001,2023.01.03 19:55
121," 강제동원 해법, 결국 '제3자 변제'로···이달 중 토론회 '마지막 절차'",https://www.khan.co.kr/politics/defense-diplomacy/article/202301031929001,2023.01.03 19:29
122," 한·미, 북 핵사용 상정 확장억제운용연습(TTX) 올해부터 연례화···전략폭격기 동원한 ‘스노캣’도 실시 가능성",https://www.khan.co.kr/politics/defense-diplomacy/article/202301031746001,2023.01.03 17:46
123," 외교부, 미얀마 수치 고문 33년형에 “심각한 우려”…아세안 정상 합의와 유엔 결의 이행 촉구",https://www.khan.co.kr/politics/defense-diplomacy/article/202301031604001,2023.01.03 16:04
124, 국방부 “한·미간 다양한 확장 억제 실행력 강화 방안 협의 중”,https://www.khan.co.kr/politics/defense-diplomacy/article/202301031343001,2023.01.03 13:43
125, 바이든 공동 핵 연습 “No” 답변에 대통령실 “거두절미 질문 때문···공동 논의 중”,https://www.khan.co.kr/politics/defense-diplomacy/article/202301030948021,2023.01.03 09:48
126," EU, 북 드론 영공 침범·탄도미사일 도발에 “군사적 긴장고조 중단해야”",https://www.khan.co.kr/politics/defense-diplomacy/article/202301030913001,2023.01.03 09:13
127," 국방부 “고체연료 우주발사체, 2∼4단 엔진 점화·연소 성공”",https://www.khan.co.kr/politics/defense-diplomacy/article/202301021552001,2023.01.02 15:52
128," 높아지는 북핵 위협 속···합참, 핵·대량살상무기대응본부 창설식",https://www.khan.co.kr/politics/defense-diplomacy/article/202301021520001,2023.01.02 15:20
129," [신년 인터뷰]윤영관 ""대중 외교는 전략적으로, 일본과의 관계 개선은 적극적으로""",https://www.khan.co.kr/politics/defense-diplomacy/article/202301011923001,2023.01.01 19:23
130," 육군참모총장, ‘참수작전 부대’ 특임여단 방문···“확고한 대비태세” 강조",https://www.khan.co.kr/politics/defense-diplomacy/article/202301011920001,2023.01.01 19:20
131, “명백한 적” 남한에 ‘전술핵’ 꺼낸 김정은···‘강경’ 한·미·일과 역대급 충돌하나,https://www.khan.co.kr/politics/defense-diplomacy/article/202301011739001,2023.01.01 17:39
132," 초대형 방사포 발사한 북한, 새 ICBM 개발 및 첫 군사위성 발사 언급",https://www.khan.co.kr/politics/defense-diplomacy/article/202301011733001,2023.01.01 17:33
133, 계묘년 맞은 시민들…한반도 불안 정세에 “소원으로 ‘평화’ 빌었다”,https://www.khan.co.kr/politics/defense-diplomacy/article/202301011503011,2023.01.01 15:03
134," 김정은, 새해 첫날부터 ‘핵 시위’···남한 겨냥 ‘전술핵 대량생산’ 박차",https://www.khan.co.kr/politics/defense-diplomacy/article/202301011502001,2023.01.01 15:02
135," 합참, 북한 1일 단거리탄도미사일 1발 발사···김정은 “전술핵탑재까지 가능한 공격형 무기”",https://www.khan.co.kr/politics/defense-diplomacy/article/202301010754001,2023.01.01 07:54
136, 한미일 북핵대표 “북 미사일 규탄…중국과 소통 강화”,https://www.khan.co.kr/politics/defense-diplomacy/article/202212311413001,2022.12.31 14:13
137," 북, 동해로 단거리탄도미사일 3발 발사…남 ‘고체 발사체’ 대응 성격",https://www.khan.co.kr/politics/defense-diplomacy/article/202212310849001,2022.12.31 08:49
138, 국내 개발 ‘고체연료 우주발사체’ 시험비행 성공,https://www.khan.co.kr/politics/defense-diplomacy/article/202212302208015,2022.12.30 22:08
139, 국방부 “고체추진 우주발사체 시험비행 성공”···전국서 ‘미확인 물체’ 제보 잇따라,https://www.khan.co.kr/politics/defense-diplomacy/article/202212301907001,2022.12.30 19:07
140, 방공망 우려 커지자…‘무인기 대응’ 합동훈련,https://www.khan.co.kr/politics/defense-diplomacy/article/202212292054005,2022.12.29 20:54
141, 대통령실·국민의힘 “문재인 정부가 스스로 손발 묶어” 민주당 “NSC 대신 만찬 즐긴 대통령”,https://www.khan.co.kr/politics/defense-diplomacy/article/202212291727001,2022.12.29 17:27
142, 소 잃고 외양간 고친 군···무인기 대응 합동훈련 실시,https://www.khan.co.kr/politics/defense-diplomacy/article/202212291709001,2022.12.29 17:09
143," 한덕수, 무인기 대응 ‘문재인 정부 탓’ 물음에 “군이 열심히 훈련해야”",https://www.khan.co.kr/politics/defense-diplomacy/article/202212291506001,2022.12.29 15:06
144," 민주당 “안보대응도 ‘각자도생’, 한번도 자신탓이라는 말 듣지 못해”",https://www.khan.co.kr/politics/defense-diplomacy/article/202212290954001,2022.12.29 09:54
145," 김병주 “북 무인기, 남산까지 온 듯···비행금지구역 통과 가능성 높아”",https://www.khan.co.kr/politics/defense-diplomacy/article/202212290845001,2022.12.29 08:45
146," 북한 무인기 ‘격추 실패’ 군, 오늘 합동방공훈련",https://www.khan.co.kr/politics/defense-diplomacy/article/202212290827001,2022.12.29 08:27
147, 감시 자산 등 5년간 5600억원 투입해 북 무인기 대응,https://www.khan.co.kr/politics/defense-diplomacy/article/202212282129005,2022.12.28 21:29
148, 미국에 더 가까이…한국 인·태 전략,https://www.khan.co.kr/politics/defense-diplomacy/article/202212282125005,2022.12.28 21:25
149, 구상 단계부터 ‘미국 동조화’ 뚜렷…대중 외교 부담 커질 듯,https://www.khan.co.kr/politics/defense-diplomacy/article/202212282100005,2022.12.28 21:00
150, 일본 연립여당 대표 내일 방한…징용 배상 문제 논의할 듯,https://www.khan.co.kr/politics/defense-diplomacy/article/202212282046001,2022.12.28 20:46
151," 국방장관, 북한 무인기 탐지 1시간47분 후 대통령 보고···여야는 ‘네 탓’ 공방",https://www.khan.co.kr/politics/defense-diplomacy/article/202212281900001,2022.12.28 19:00
152, 윤석열 정부 ‘인·태 전략’ 최종보고서 발표…“중국과의 협력 포함”,https://www.khan.co.kr/politics/defense-diplomacy/article/202212281816001,2022.12.28 18:16
153," 김정은, 무인기 도발 뒤 “국방력 새 핵심목표”···내년도 “대적투쟁”에 ‘강 대 강’",https://www.khan.co.kr/politics/defense-diplomacy/article/202212281652001,2022.12.28 16:52
154, 이번엔 ‘풍선’ 항적에 전투기 출격시킨 군,https://www.khan.co.kr/politics/defense-diplomacy/article/202212281548001,2022.12.28 15:48
155," 군, 북한 무인기 대응전력 확보에 5년간 5600억 투입",https://www.khan.co.kr/politics/defense-diplomacy/article/202212281535001,2022.12.28 15:35
156, 패트리어트 미사일부대 찾은 한덕수 “무인기 도발 경계태세 강화”,https://www.khan.co.kr/politics/defense-diplomacy/article/202212281530001,2022.12.28 15:30
157," 첫 한국판 인도·태평양 전략, 오늘 오전 공개",https://www.khan.co.kr/politics/defense-diplomacy/article/202212280808011,2022.12.28 08:08
158," 정부 ‘한국 선 변제, 일본 후 동참’안 국민 눈높이 충족 불투명",https://www.khan.co.kr/politics/defense-diplomacy/article/202212272125005,2022.12.27 21:25
159, 군 “무인기 타격자산 공세적 투입…드론 부대 조기 창설”,https://www.khan.co.kr/politics/defense-diplomacy/article/202212272117015,2022.12.27 21:17
160," 북 무인기에 뚫린 군, ‘새 떼’ 보고 놀랐다",https://www.khan.co.kr/politics/defense-diplomacy/article/202212272102025,2022.12.27 21:02
161, 새 떼를 북한 무인기로 오인해 전투기 출격시킨 군,https://www.khan.co.kr/politics/defense-diplomacy/article/202212272006001,2022.12.27 20:06
162, ‘북 무인기 격추 실패’ 군 “타격자산 공세적 투입하겠다”,https://www.khan.co.kr/politics/defense-diplomacy/article/202212271931001,2022.12.27 19:31
163," 정부의 강제징용 해법 윤곽 ‘한국이 우선 변제, 일본은 추후 동참’··· 법적 취약점과 국내 반발 극복이 관건",https://www.khan.co.kr/politics/defense-diplomacy/article/202212271814001,2022.12.27 18:14
164, 무인기 도발날 ‘두 탕’ 뛴 김정은···전원회의 후 ‘헌법기념식’ 첫 참석,https://www.khan.co.kr/politics/defense-diplomacy/article/202212271702001,2022.12.27 17:02
165, 군 “강화 등지서 포착된 건 북한 무인기 아닌 새떼”,https://www.khan.co.kr/politics/defense-diplomacy/article/202212271639001,2022.12.27 16:39
166, [단독]대통령실 용산 이전 여파 육·해·공군 통합 지휘 ‘합참 쪼개기’ 가시화,https://www.khan.co.kr/politics/defense-diplomacy/article/202212271636001,2022.12.27 16:36
167, 합참 “북한 무인기 격추시키지 못해 송구···국민께 심려”,https://www.khan.co.kr/politics/defense-diplomacy/article/202212271629001,2022.12.27 16:29
168, 국민의힘 “북한 무인기 대응 성공적···문재인 정권이 김정은에 부역한 탓”,https://www.khan.co.kr/politics/defense-diplomacy/article/202212271624001,2022.12.27 16:24
169, 강원서 ‘새 떼’ 북한 무인기 오인 소동,https://www.khan.co.kr/politics/defense-diplomacy/article/202212271620001,2022.12.27 16:20
170, 이재명 “북한 무인기 서울 활보한 7시간 동안 정부는 뭐했나?”,https://www.khan.co.kr/politics/defense-diplomacy/article/202212271319011,2022.12.27 13:19
171, “국내 기업 기부금으로 변제 추진”,https://www.khan.co.kr/politics/defense-diplomacy/article/202212262054005,2022.12.26 20:54
172," 북한 무인기 5대 영공 침범, 1대는 서울까지···격추 실패 ‘방공망 구멍’",https://www.khan.co.kr/politics/defense-diplomacy/article/202212262009001,2022.12.26 20:09
173, 서울 북부까지 침투···‘허찌른’ 무인기 도발 나선 북한 의도는,https://www.khan.co.kr/politics/defense-diplomacy/article/202212261949001,2022.12.26 19:49
174," 강제동원 피해자 측 “정부, 한국기업 기부금만으로 변제 추진”",https://www.khan.co.kr/politics/defense-diplomacy/article/202212261742001,2022.12.26 17:42
175," 북한 무인기, 청와대와 성주 미군 기지 촬영한 ‘비밀 병기’",https://www.khan.co.kr/politics/defense-diplomacy/article/202212261645011,2022.12.26 16:45
176," [속보] 북한 무인기 여러 대, 우리 영공 침범",https://www.khan.co.kr/politics/defense-diplomacy/article/202212261632001,2022.12.26 16:32
177, 5년 전보다 강력해진 북한…‘트럼프’도 ‘평창’도 없는 한반도 운명은?,https://www.khan.co.kr/politics/defense-diplomacy/article/202212261550001,2022.12.26 15:50
178, 강원 횡성서 공군 전투기 KA-1 추락···조종사 2명 비상탈출,https://www.khan.co.kr/politics/defense-diplomacy/article/202212261324011,2022.12.26 13:24
179, 강원 횡성서 공군 경공격기 추락···조종사 2명은 무사히 탈출,https://www.khan.co.kr/politics/defense-diplomacy/article/202212261318001,2022.12.26 13:18
180," [속보]북한, 평양 순안 일대서 동해상으로 단거리 탄도미사일 2발 발사",https://www.khan.co.kr/politics/defense-diplomacy/article/202212231707001,2022.12.23 17:07
181, 전국 전몰·순직 군경 자녀들에게 ‘보훈 산타’가 선물 전달,https://www.khan.co.kr/politics/defense-diplomacy/article/202212231425001,2022.12.23 14:25
182, ‘한국판 인도태평양 전략’ 최종보고서 28일 공개,https://www.khan.co.kr/politics/defense-diplomacy/article/202212221645001,2022.12.22 16:45
183, 핵개발·외화벌이 노린 북한 해킹···국정원 “가상자산 해킹 세계 최고”,https://www.khan.co.kr/politics/defense-diplomacy/article/202212221632001,2022.12.22 16:32
184," 방사청, KAI와 소해헬기 체계개발 사업 계약체결···2030년까지 소해헬기대대 창설",https://www.khan.co.kr/politics/defense-diplomacy/article/202212221512001,2022.12.22 15:12
185," 국방부, 전군주요지휘관회의 열어···한미연합훈련에 북핵대응 시나리오 적용",https://www.khan.co.kr/politics/defense-diplomacy/article/202212211545001,2022.12.21 15:45
186, [한·베 수교 30년]응우옌 부 뚱 주한 베트남대사 “한·베 공통 국익 점점 커지고 있다···‘윈윈’ 미래 되길”,https://www.khan.co.kr/politics/defense-diplomacy/article/202212211529001,2022.12.21 15:29
187, 아프간에 정식대사 아닌 대리대사…‘탈레반 재장악’ 정세 고려,https://www.khan.co.kr/politics/defense-diplomacy/article/202212211126001,2022.12.21 11:26
188," 올해 성과 부족한 김정은, 김여정 내세워 ‘발끈’···남한에 불만 쏟아내",https://www.khan.co.kr/politics/defense-diplomacy/article/202212201802001,2022.12.20 18:02
189, [한-베 수교 30년]적국에서 ‘사돈의 나라’로…한국·베트남 수교 30주년,https://www.khan.co.kr/politics/defense-diplomacy/article/202212201723011,2022.12.20 17:23
190, [한-베 수교 30년]“허물 이해하고 덮어주는 형제 같은 관계로 가야”,https://www.khan.co.kr/politics/defense-diplomacy/article/202212201723001,2022.12.20 17:23
191, 북 김여정 ‘말폭탄’ 이어 외무성 담화···같은날 한·미·일 싸잡아 비난,https://www.khan.co.kr/politics/defense-diplomacy/article/202212201707001,2022.12.20 17:07
192," 공군, 올해의 ‘탑건’에 F-15K 김유준 대위 선정",https://www.khan.co.kr/politics/defense-diplomacy/article/202212201528001,2022.12.20 15:28
193," [속보] 미 B-52H 전략폭격기·F-22전투기, 한반도 인근서 한·미 연합훈련",https://www.khan.co.kr/politics/defense-diplomacy/article/202212201508011,2022.12.20 15:08
194," 북한 외무성, 일본 ‘적기지 반격’ 채택에 “실제 행동으로 보여줄 것”",https://www.khan.co.kr/politics/defense-diplomacy/article/202212200954001,2022.12.20 09:54
195, 북한이 공개한 정찰위성 사진에 “기술적으로 조악한 수준” 평가,https://www.khan.co.kr/politics/defense-diplomacy/article/202212191648001,2022.12.19 16:48
196, 연말 ‘핵무력 개발’ 질주하는 북한···“내년 4월까지 정찰위성 준비 끝”,https://www.khan.co.kr/politics/defense-diplomacy/article/202212191628001,2022.12.19 16:28
197, 탱크 저격수 ‘한국형 헬파이어 천검’ 개발 성공,https://www.khan.co.kr/politics/defense-diplomacy/article/202212191548001,2022.12.19 15:48
198," 보훈처, 원로가수 이미자씨에게 ‘일류보훈 동행’ 감사패 수여",https://www.khan.co.kr/politics/defense-diplomacy/article/202212181432001,2022.12.18 14:32
199," 북한, 동창리 일대서 동해상으로 탄도미사일 2발 발사",https://www.khan.co.kr/politics/defense-diplomacy/article/202212181157001,2022.12.18 11:57
200, 일본 “북한에 반격 능력 행사시 한국 정부 허가 필요 없어”,https://www.khan.co.kr/politics/defense-diplomacy/article/202212162216001,2022.12.16 22:16
201, 외교부 “한반도 영향 땐 협의·동의 반드시 필요”…일 “허가 필요 없어”,https://www.khan.co.kr/politics/defense-diplomacy/article/202212162130015,2022.12.16 21:30
202," 일본 안보전략 개정으로 한일관계 파장···정부, 주한공사와 무관 초치해 항의",https://www.khan.co.kr/politics/defense-diplomacy/article/202212162027001,2022.12.16 20:27
203, IAEA 사무총장 “북핵문제 더 큰 역할 맡을 준비 돼 있다”,https://www.khan.co.kr/politics/defense-diplomacy/article/202212161647001,2022.12.16 16:47
204, 북한의 ‘고출력 고체 로켓엔진’ 개발의 꿈···단거리서 중장거리로,https://www.khan.co.kr/politics/defense-diplomacy/article/202212161636001,2022.12.16 16:36
205," 크림 인권결의안 기권했던 정부, 본회의 표결에서 찬성으로 돌아서···‘가치외교’ 논란에 이례적으로 입장 바꿔",https://www.khan.co.kr/politics/defense-diplomacy/article/202212161547001,2022.12.16 15:47
206," “북한, 김주애 계속 노출할 것”···내년도 남북관계 전망 ‘먹구름’",https://www.khan.co.kr/politics/defense-diplomacy/article/202212161533001,2022.12.16 15:33
207, 군 “현무-2C 낙탄 원인은 관성항법장치 자이로스코프 오류”,https://www.khan.co.kr/politics/defense-diplomacy/article/202212161025011,2022.12.16 10:25
208," 윤 대통령, IAEA 사무총장 만나 “후쿠시마 원전 오염수 방류 검증 당부”",https://www.khan.co.kr/politics/defense-diplomacy/article/202212152120001,2022.12.15 21:20
209," 박진, IAEA 사무총장에 “후쿠시마 오염수 처리방식 국제기준 부합해야”",https://www.khan.co.kr/politics/defense-diplomacy/article/202212152114001,2022.12.15 21:14
210," 정부, ‘대일 저자세 외교’ 반박···“합리적 해결방안 마련하려는 것”",https://www.khan.co.kr/politics/defense-diplomacy/article/202212151642011,2022.12.15 16:42
211, ‘유진 초이’ 황기환 선생 유해 내년 4월 국내 봉환,https://www.khan.co.kr/politics/defense-diplomacy/article/202212142157025,2022.12.14 21:57
212, 북한인권과 남북관계는 ‘제로섬’?···“인권 문제로 북한과 신뢰 쌓아야”,https://www.khan.co.kr/politics/defense-diplomacy/article/202212141725001,2022.12.14 17:25
213," 싱하이밍 중국대사,  한국 언론보도 비판···“객관적이고 이성적인 보도 해달라”",https://www.khan.co.kr/politics/defense-diplomacy/article/202212141655001,2022.12.14 16:55
214, ‘미스터 션샤인’ 유진 초이 실제인물 황기환 선생 유해 고국으로 돌아온다,https://www.khan.co.kr/politics/defense-diplomacy/article/202212141648001,2022.12.14 16:48
215, [기자메모] ‘미국의 무관심’만 방증한 한·미·일 북핵대표 자카르타 회동,https://www.khan.co.kr/politics/defense-diplomacy/article/202212132117025,2022.12.13 21:17
216, 권영세 “북한 7차 핵실험시 전례없는 제재···내년초 민간 협력 재개 여건 조성”,https://www.khan.co.kr/politics/defense-diplomacy/article/202212131800001,2022.12.13 18:00
217, 한·미 외교차관보 회동 “내년 한·미동맹 70주년 맞아 포괄적 전략동맹 한차원 더 발전”,https://www.khan.co.kr/politics/defense-diplomacy/article/202212131735011,2022.12.13 17:35
218, [기자메모]미국 북핵수석대표 만나러 자카르타로 가야 하는 현실,https://www.khan.co.kr/politics/defense-diplomacy/article/202212131618001,2022.12.13 16:18
219, 새해 1월12일부터 병역판정검사 신청 선착순 접수,https://www.khan.co.kr/politics/defense-diplomacy/article/202212131114001,2022.12.13 11:14
220, 한·중 외교장관 화상회담…왕이 “한반도 문제 건설적 역할 할 것”,https://www.khan.co.kr/politics/defense-diplomacy/article/202212122114035,2022.12.12 21:14
221," 한중 외교장관 화상으로 두번째 회담···양국 간 외교적 소통 본격 가동, ‘한한령’ 완화 기대감",https://www.khan.co.kr/politics/defense-diplomacy/article/202212122021001,2022.12.12 20:21
222, 올해 ‘바다의 탑건’ 강원함 뽑혀,https://www.khan.co.kr/politics/defense-diplomacy/article/202212121553001,2022.12.12 15:53
223," 방사청, KF-21 탑재할 ‘장거리 공대지 유도탄’ 체계 개발 시작",https://www.khan.co.kr/politics/defense-diplomacy/article/202212121145001,2022.12.12 11:45
224," 13일 ‘까까머리’ BTS 진 입대···군, 종합상황실 운영",https://www.khan.co.kr/politics/defense-diplomacy/article/202212121101001,2022.12.12 11:01
225, 미국 동아태차관보 오늘 방한···북한·IRA 관련 협의,https://www.khan.co.kr/politics/defense-diplomacy/article/202212120709001,2022.12.12 07:09
226," 육군참모총장, UAE·레바논 방문···천무 등 방산협력",https://www.khan.co.kr/politics/defense-diplomacy/article/202212111325001,2022.12.11 13:25
227," 한·미정상 통화 유출 외교관, 파면 취소 확정···외교부, 판결에 항소 포기",https://www.khan.co.kr/politics/defense-diplomacy/article/202212091930001,2022.12.09 19:30
228, 지난해 한국 국방비 세계 10위···5년간 무기 수출 8위로 상승,https://www.khan.co.kr/politics/defense-diplomacy/article/202212091614001,2022.12.09 16:14
229, 남북 대치 속 통일부 조직개편···‘대북 전략’ 키우고 ‘공동기구’ 통폐합,https://www.khan.co.kr/politics/defense-diplomacy/article/202212091127001,2022.12.09 11:27
230, 3년 전 실종 중학생 구한 군견 ‘달관’ “10년 군 생활 마치고 전역합니다”,https://www.khan.co.kr/politics/defense-diplomacy/article/202212082158065,2022.12.08 21:58
231," 정부, 국적·신분 위장 북한 IT 인력 고용 ‘합동주의보’ 발령···“국내기업 일감 수주 가능성 있어”",https://www.khan.co.kr/politics/defense-diplomacy/article/202212081743001,2022.12.08 17:43
232," 한미일 북핵 대표, 다음주 자카르타에서 석달만에 대면협의",https://www.khan.co.kr/politics/defense-diplomacy/article/202212081716011,2022.12.08 17:16
233," 외교부, 강제동원 양금덕 할머니 수상 제동···양 할머니 “여간 기분 나쁜 게 아냐”",https://www.khan.co.kr/politics/defense-diplomacy/article/202212081650001,2022.12.08 16:50
234, 실종 중학생 구한 ‘달관’이 전역···교육청 조례까지 바꾼 ‘스타 군견’,https://www.khan.co.kr/politics/defense-diplomacy/article/202212081144001,2022.12.08 11:44
235, “북한 IT인력 고용 유의”…정부기관 합동주의보 발표,https://www.khan.co.kr/politics/defense-diplomacy/article/202212081032001,2022.12.08 10:32
236, 김계환 신임 해병대사령관 “가장 낮은 위치에서 책임 다하겠다”,https://www.khan.co.kr/politics/defense-diplomacy/article/202212071504001,2022.12.07 15:04
237," 무연고 국가유공자 유해 45위, 국립묘지로 이장",https://www.khan.co.kr/politics/defense-diplomacy/article/202212070804001,2022.12.07 08:04
238, 윤 정부 첫 국방백서에 ‘북한은 적’…6년 만에 부활,https://www.khan.co.kr/politics/defense-diplomacy/article/202212062114015,2022.12.06 21:14
239," 윤 대통령 부부, 청와대 상춘재에서 베트남 주석과 차담",https://www.khan.co.kr/politics/defense-diplomacy/article/202212061827001,2022.12.06 18:27
240," 박진, 강제동원 등 한일 문제 ‘현인회의’ 개최···문희상·최상용·홍석현·유흥수 참석",https://www.khan.co.kr/politics/defense-diplomacy/article/202212061727001,2022.12.06 17:27
241, 한석산·가리봉전투서 전사한 강농원 일병…신원 확인돼,https://www.khan.co.kr/politics/defense-diplomacy/article/202212061647011,2022.12.06 16:47
242, 2022 국방백서에 북한군은 ‘적’ 표현 부활할 듯,https://www.khan.co.kr/politics/defense-diplomacy/article/202212061603011,2022.12.06 16:03
243, ‘대통령 친구’ 석동현 민주평통 사무처장 “윤사모 회원 등용하겠다” 외통위 발칵,https://www.khan.co.kr/politics/defense-diplomacy/article/202212051931001,2022.12.05 19:31
244, 한·베트남 정상회담 “포괄적 전략 동반자 관계 격상”,https://www.khan.co.kr/politics/defense-diplomacy/article/202212051911001,2022.12.05 19:11
245, [속보]북한 총참모부 “압도적 군사행동으로 대응하겠다”,https://www.khan.co.kr/politics/defense-diplomacy/article/202212051831001,2022.12.05 18:31
246," 국방부, 군 사격장 소음대책지역 11곳 추가",https://www.khan.co.kr/politics/defense-diplomacy/article/202212051719001,2022.12.05 17:19
247," [영상]낙하산 타고 내려온 크리스마스 선물···공군, 크리스마스 공수작전 돌입",https://www.khan.co.kr/politics/defense-diplomacy/article/202212051605001,2022.12.05 16:05
248," 국회 외통위, 이란 히잡시위 폭력진압 규탄결의안 채택",https://www.khan.co.kr/politics/defense-diplomacy/article/202212051536001,2022.12.05 15:36
249, 전익수 징계처분서로 본 ‘민주화 후 첫 장군 강등’ 전말,https://www.khan.co.kr/politics/defense-diplomacy/article/202212030830021,2022.12.03 08:30
250," [포토뉴스] 윤 대통령, 중국대사관 찾아 ‘장쩌민 조문’",https://www.khan.co.kr/politics/defense-diplomacy/article/202212022049035,2022.12.02 20:49
251," 유엔 대북 제재 지지부진에…한·미·일, 같은 날 독자제재 각각 발표",https://www.khan.co.kr/politics/defense-diplomacy/article/202212022049015,2022.12.02 20:49
252, 윤 대통령 장쩌민 전 주석 분향소 찾아…“한·중 다리 놓은 분”,https://www.khan.co.kr/politics/defense-diplomacy/article/202212021717011,2022.12.02 17:17
253, 유엔 안보리 대북제재 지지부진에 칼 빼든 한·미·일···같은날 독자제재 조치 각각 발표,https://www.khan.co.kr/politics/defense-diplomacy/article/202212021608001,2022.12.02 16:08
254," 김정은, 시진핑에 조전···“장쩌민 서거 애도”",https://www.khan.co.kr/politics/defense-diplomacy/article/202212021447001,2022.12.02 14:47
255," 블랙이글스, 내년 호주 아발론 국제에어쇼 첫 참가",https://www.khan.co.kr/politics/defense-diplomacy/article/202212021115001,2022.12.02 11:15
256, 일 “군함도서 조선인 차별 없었다”…유네스코에 역사왜곡 보고서 다시 제출,https://www.khan.co.kr/politics/defense-diplomacy/article/202212020925001,2022.12.02 09:25
257," 미, 북 탄도미사일 개발 관여 전일호·유진·김수길 제재",https://www.khan.co.kr/politics/defense-diplomacy/article/202212020901001,2022.12.02 09:01
258, 3대째 공군 장교·영주권 포기…공군 학사사관 181명 ‘임관식’,https://www.khan.co.kr/politics/defense-diplomacy/article/202212012233015,2022.12.01 22:33
259," 육군, 변희수 하사 순직 불인정",https://www.khan.co.kr/politics/defense-diplomacy/article/202212012139045,2022.12.01 21:39
260," 국민의힘, 문 전 대통령 ‘서해 피격사건 수사 비판’에 “유가족에 사과부터”",https://www.khan.co.kr/politics/defense-diplomacy/article/202212011806001,2022.12.01 18:06
261," 정부, 3년간 방위산업에 1조 이상 금융지원",https://www.khan.co.kr/politics/defense-diplomacy/article/202212011727001,2022.12.01 17:27
262," 육군, ‘성전환 후 강제전역’ 고 변희수 하사 순직 인정 안 해",https://www.khan.co.kr/politics/defense-diplomacy/article/202212011702001,2022.12.01 17:02
263, 3대째 공군장교·독일 영주권 대신 장교로···181명 공군 학사장교 임관,https://www.khan.co.kr/politics/defense-diplomacy/article/202212011430001,2022.12.01 14:30
264," 공군, 우주 관련 조직 통합 ‘우주작전대대’ 출범",https://www.khan.co.kr/politics/defense-diplomacy/article/202212011358011,2022.12.01 13:58
265," 베트남 국가주석 4~6일 방한, 윤석열 정부 첫 국빈",https://www.khan.co.kr/politics/defense-diplomacy/article/202212011043011,2022.12.01 10:43
266, 신임 해병대사령관 김계환·특전사령관 손식 등 군 장성 인사,https://www.khan.co.kr/politics/defense-diplomacy/article/202211302238025,2022.11.30 22:38
267, 해병사령관 김계환·특전사령관 손식···후반기 군 장성 인사,https://www.khan.co.kr/politics/defense-diplomacy/article/202211301801001,2022.11.30 18:01
268, ‘목함지뢰 탐지 가능’···국산 신형지뢰탐지기 배치 시작,https://www.khan.co.kr/politics/defense-diplomacy/article/202211301618001,2022.11.30 16:18
269," 중·러 군용기 8대, 카디즈 진입 후 이탈···군 전투기 출격해 대응",https://www.khan.co.kr/politics/defense-diplomacy/article/202211301529001,2022.11.30 15:29
270, 백마고지 전투서 전우와 나란히···고 김용일 이등중사 신원 확인,https://www.khan.co.kr/politics/defense-diplomacy/article/202211301444001,2022.11.30 14:44
271, 일본 방위비 증대 관련 “열도 위로 미사일이 날아가는데 방치하겠나”…북핵 관련 군비 용인 뜻,https://www.khan.co.kr/politics/defense-diplomacy/article/202211300600005,2022.11.30 06:00
272," 판문점 ‘첫 방문’ 권영세 통일장관, 북한에 “지도부 미래 생각하라” 대화 촉구",https://www.khan.co.kr/politics/defense-diplomacy/article/202211291734001,2022.11.29 17:34
273," 룩셈부르크군 배속 한국인 참전용사, 방한한 기욤 대공세자 만나",https://www.khan.co.kr/politics/defense-diplomacy/article/202211291618001,2022.11.29 16:18
274," ‘공중 산타클로스’···공군, 미군과 남태평양에 크리스마스 선물 투하 공수작전",https://www.khan.co.kr/politics/defense-diplomacy/article/202211291554001,2022.11.29 15:54
275," “미·러, 우크라전 개전 후 ‘충돌 회피’ 군사 핫라인 한차례 가동”",https://www.khan.co.kr/politics/defense-diplomacy/article/202211291035001,2022.11.29 10:35
276," ‘준장→대령’ 강등 전익수 공군 법무실장, 국방부에 항고",https://www.khan.co.kr/politics/defense-diplomacy/article/202211281915001,2022.11.28 19:15
277, 국산 소형무장헬기 양산···‘한국판 스파이크’ 미사일 개발,https://www.khan.co.kr/politics/defense-diplomacy/article/202211281533001,2022.11.28 15:33
278, 광복군 후손 등 4대 이은 장교·부부···해군·해병대 사관후보생 임관식,https://www.khan.co.kr/politics/defense-diplomacy/article/202211281434011,2022.11.28 14:34
279, 문민정부 이후 처음 강등된 장군…항고하나,https://www.khan.co.kr/politics/defense-diplomacy/article/202211272110025,2022.11.27 21:10
280," [특집영상-외교전문기자 사이다 분석] 복잡하게 꼬인 한국 외교, 어떤 숙제들이 남았나",https://www.khan.co.kr/politics/defense-diplomacy/article/202211262100001,2022.11.26 21:00
281, 북 ICBM 위협에···주한미군 ‘우주군 사령부’ 창설한다,https://www.khan.co.kr/politics/defense-diplomacy/article/202211261156001,2022.11.26 11:56
282," 민주화 후 첫 장군 강등···전익수 공군 법무실장, 준장→대령",https://www.khan.co.kr/politics/defense-diplomacy/article/202211260855001,2022.11.26 08:55
283, 한국인 2명 탄 급유선 해적 억류됐다 풀려나,https://www.khan.co.kr/politics/defense-diplomacy/article/202211252132005,2022.11.25 21:32
284," ‘한국인 탑승’ 급유선, 서아프리카서 해적에 억류···하루만에 풀려나",https://www.khan.co.kr/politics/defense-diplomacy/article/202211251726001,2022.11.25 17:26
285, 적기 잡는 불침번 ‘골든아이’에 김상훈·천호정 준위,https://www.khan.co.kr/politics/defense-diplomacy/article/202211242237035,2022.11.24 22:37
286, 북 김여정 “윤석열 저 천치바보들”…통일부 “도적이 매 드는 격”,https://www.khan.co.kr/politics/defense-diplomacy/article/202211242130015,2022.11.24 21:30
287, 또 나온 김여정 “윤석열 천치바보” 막말···훈련 이어 제재로 ‘도발 명분’,https://www.khan.co.kr/politics/defense-diplomacy/article/202211241658001,2022.11.24 16:58
288, 적기 잡는 ‘불침번’···최고 방공무기통제사 ‘골든아이’ 선발,https://www.khan.co.kr/politics/defense-diplomacy/article/202211241649001,2022.11.24 16:49
289," K-방산, 2027년까지 세계 점유율 5% 목표",https://www.khan.co.kr/politics/defense-diplomacy/article/202211241550001,2022.11.24 15:50
290," HJ중공업, ‘NLL 파수꾼’ 해군 고속정 4척 수주…기술력 재입증",https://www.khan.co.kr/politics/defense-diplomacy/article/202211241343001,2022.11.24 13:43
291," BTS 진, 내달 13일 경기 연천 신병교육대 입영",https://www.khan.co.kr/politics/defense-diplomacy/article/202211241337001,2022.11.24 13:37
292," 군, 김여정 담화에 “동의할 사람 아무도 없을 것”",https://www.khan.co.kr/politics/defense-diplomacy/article/202211241311001,2022.11.24 13:11
293, 5개월 만에 한·중 국방장관회담…이종섭 “중국이 북핵에 건설적 역할해달라”,https://www.khan.co.kr/politics/defense-diplomacy/article/202211232149001,2022.11.23 21:49
294, [포토뉴스] 연평도 포격 12주기 추모식…잊지 않겠습니다,https://www.khan.co.kr/politics/defense-diplomacy/article/20221123212300A/?cp,2022.11.23 21:23
295," 한·케냐 정상회담, 윤 대통령 “에너지·방산 분야 한국 기업 진출에 관심 요청”",https://www.khan.co.kr/politics/defense-diplomacy/article/202211231907001,2022.11.23 19:07
296, 육군 최우수 헬기조종사 ‘탑 헬리건’에 김용진 대위,https://www.khan.co.kr/politics/defense-diplomacy/article/202211231523001,2022.11.23 15:23
297, 연평도 포격전 12주년 전승기념식···이종섭 장관 “북한 직접적 도발에 단호 대응할 것”,https://www.khan.co.kr/politics/defense-diplomacy/article/202211231512001,2022.11.23 15:12
298," 국내 최장수 ‘공직 44년’ 한규철씨, 인천공항서 작은 음악회",https://www.khan.co.kr/politics/defense-diplomacy/article/202211231130001,2022.11.23 11:30
299, ‘북·미’ 대신 ‘미·북’ 쓴 통일부···‘미국 우선’ 윤석열 정부 기조 반영?,https://www.khan.co.kr/politics/defense-diplomacy/article/202211221740001,2022.11.22 17:40
300," ‘한국형 사드’ L-SAM, 첫 요격시험 성공",https://www.khan.co.kr/politics/defense-diplomacy/article/202211221552001,2022.11.22 15:52
301," ‘존치·철거’ 기로에 선 조병창병원…인천시, 조만간 결론",https://www.khan.co.kr/politics/defense-diplomacy/article/202211221342001,2022.11.22 13:42
302," 북한 드론 잡는 ‘한국형 재머’, 244억원 투입해 본격 연구개발",https://www.khan.co.kr/politics/defense-diplomacy/article/202211221136001,2022.11.22 11:36
303, 김태효 “북한 핵개발 ‘소용 없다’ 판단토록 지속 압박”···대화 난항에 억제 집중,https://www.khan.co.kr/politics/defense-diplomacy/article/202211211745001,2022.11.21 17:45
304, 나토 한국대표부 22일 개설… 외교부 “나토와 협력관계 제도화할 것”,https://www.khan.co.kr/politics/defense-diplomacy/article/202211211633001,2022.11.21 16:33
305, KF-16 추락 사고 여파로···소링이글 훈련 잠정 연기,https://www.khan.co.kr/politics/defense-diplomacy/article/202211211621001,2022.11.21 16:21
306," 만년필 덕분에···백마고지 발굴 전사자 유해, 고 편귀만 하사로 확인",https://www.khan.co.kr/politics/defense-diplomacy/article/202211211538001,2022.11.21 15:38
307, “힘에 의한 현상변경 원치 않아”···윤석열 정부 통일·대북정책 발표,https://www.khan.co.kr/politics/defense-diplomacy/article/202211211107001,2022.11.21 11:07
308," 북한 최선희, ‘ICBM 규탄’ 유엔 사무총장에 “형편없이 한심” 비난",https://www.khan.co.kr/politics/defense-diplomacy/article/202211210712001,2022.11.21 07:12
309, 공군 전투기 강원도에서 추락…조종사는 비상탈출,https://www.khan.co.kr/politics/defense-diplomacy/article/202211202106001,2022.11.20 21:06
310," ‘행성 최강 ICBM 보유’ 선언한 북한, 다음 행보는 대기권 재진입 기술 확보와 탄두 소형화",https://www.khan.co.kr/politics/defense-diplomacy/article/202211201736001,2022.11.20 17:36
311," ‘국익’ 외치며 떠난 순방, 윤 대통령은 무엇을 얻어왔나",https://www.khan.co.kr/politics/defense-diplomacy/article/202211200811001,2022.11.20 08:11
312," 김건희 여사, 스페인 총리 배우자 만나 “동물권 보호 협력”",https://www.khan.co.kr/politics/defense-diplomacy/article/202211191745001,2022.11.19 17:45
313, 북한이 김정은 딸 공개한 이유는?,https://www.khan.co.kr/politics/defense-diplomacy/article/202211191521001,2022.11.19 15:21
314, 전략폭격기 B-1B 한반도 재전개…북ICBM 하루만에 대응 무력시위,https://www.khan.co.kr/politics/defense-diplomacy/article/202211191357001,2022.11.19 13:57
315," 북한, 대륙간 탄도 미사일(ICBM) 부대 첫 공개",https://www.khan.co.kr/politics/defense-diplomacy/article/202211191255001,2022.11.19 12:55
316," 유엔 안보리, 북 ICBM 발사에 21일 공개회의 개최",https://www.khan.co.kr/politics/defense-diplomacy/article/202211190849001,2022.11.19 08:49
317," ‘첫 등장’ 김정은 딸, 손 잡고 ICBM 참관···김정은 “핵에는 핵으로”",https://www.khan.co.kr/politics/defense-diplomacy/article/202211190800021,2022.11.19 08:00
318," 미국 법무부, ‘트럼프 의혹’ 수사에 특검 임명…트럼프 “정치적” 반발",https://www.khan.co.kr/politics/defense-diplomacy/article/202211190745001,2022.11.19 07:45
319," [북 ICBM 발사]한·미, 이동식발사대 타격 훈련·연합 공격편대군 비행 ‘맞불’",https://www.khan.co.kr/politics/defense-diplomacy/article/202211182111015,2022.11.18 21:11
320," [북 ICBM 발사]정부 “북, 오판해선 안 돼”…한·미 미사일 방어훈련 강화될 듯",https://www.khan.co.kr/politics/defense-diplomacy/article/202211182111005,2022.11.18 21:11
321," 북, 15일 만에 또 ICBM 발사…한·미, 스텔스기로 타격 대응",https://www.khan.co.kr/politics/defense-diplomacy/article/202211182103025,2022.11.18 21:03
322, 한·스페인 정상회담 “전략적 동반자 관계 진전”…북 미사일 함께 규탄,https://www.khan.co.kr/politics/defense-diplomacy/article/202211181821011,2022.11.18 18:21
323," 한·미, 미사일협의체 첫 가동···연이은 북한 도발에 정책공조 강화",https://www.khan.co.kr/politics/defense-diplomacy/article/202211181758001,2022.11.18 17:58
324," 북한, 보름만에 ICBM 발사…미국 본토 타격 가능한 ‘화성-17형’ 시험비행 사실상 성공",https://www.khan.co.kr/politics/defense-diplomacy/article/202211181719011,2022.11.18 17:19
325," 북한 ‘괴물 ICBM’ 화성-17형, 미국 전역 사정권…발사 성공한 듯",https://www.khan.co.kr/politics/defense-diplomacy/article/202211181705001,2022.11.18 17:05
326," 한·미 공군, 북한 ‘ICBM 도발’ 맞대응···동해상 F-35A·F-16 연합 비행",https://www.khan.co.kr/politics/defense-diplomacy/article/202211181657001,2022.11.18 16:57
327," 미국 부통령, 방콕서 북 ICBM 관련 동맹국 긴급회의 개최…“강력 규탄, 추가 도발 중단 촉구”",https://www.khan.co.kr/politics/defense-diplomacy/article/202211181632001,2022.11.18 16:32
328, 한·미·일 공조에 ICBM 쏜 북한···‘핵무력 완성’ 5주년 ‘미국 타격’ 과시,https://www.khan.co.kr/politics/defense-diplomacy/article/202211181608001,2022.11.18 16:08
329," 윤 대통령 “확장억제 실행력 강화…제재 추진”, 강대강 대치 심화",https://www.khan.co.kr/politics/defense-diplomacy/article/202211181542001,2022.11.18 15:42
330," [속보]정부, 북 미사일 발사 강력 규탄 “어떤 도발도 즉각 응징 가능, 북한 오판해선 안돼”",https://www.khan.co.kr/politics/defense-diplomacy/article/202211181437011,2022.11.18 14:37
331," 백악관 “본토와 한·일 안보 위해 필요한 모든 조처”…일 “용납불가능”, 중 “대화로 해결”",https://www.khan.co.kr/politics/defense-diplomacy/article/202211181437001,2022.11.18 14:37
332, 윤 대통령 긴급 NSC상임위 “확장억제 실행력 강화 적극 이행”,https://www.khan.co.kr/politics/defense-diplomacy/article/202211181412001,2022.11.18 14:12
333," 윤 대통령, 순방 등 정상외교 “중요 외교행사 무난하게 진행”",https://www.khan.co.kr/politics/defense-diplomacy/article/202211181158001,2022.11.18 11:58
334, 기시다 “북한 미사일 일본 EEZ 내 낙하한 듯”…일 방위상 “미국 본토 사정권”,https://www.khan.co.kr/politics/defense-diplomacy/article/202211181144001,2022.11.18 11:44
335, 미 경제차관 “IRA 이행 과정에서 한국과 대화 지속”,https://www.khan.co.kr/politics/defense-diplomacy/article/202211181045001,2022.11.18 10:45
336," 북한, 동해상으로 ICBM 1발 발사···한·미·일 공조에 이틀 연속 도발",https://www.khan.co.kr/politics/defense-diplomacy/article/202211181034011,2022.11.18 10:34
337," [속보]합참 “북한, 동쪽 방향으로 미상 탄도미사일 발사”",https://www.khan.co.kr/politics/defense-diplomacy/article/202211181020001,2022.11.18 10:20
338, 이회영 선생 순국 90주기…현충원서 추모식,https://www.khan.co.kr/politics/defense-diplomacy/article/202211172158005,2022.11.17 21:58
339, 서울현충원 무명용사 봉안시설 새로 짓는다,https://www.khan.co.kr/politics/defense-diplomacy/article/202211172157015,2022.11.17 21:57
340, [포토뉴스] “고이 잠드소서”,https://www.khan.co.kr/politics/defense-diplomacy/article/20221117213100A/?cp,2022.11.17 21:31
341, [포토뉴스] 한·사우디 정상회담…한남동 관저 ‘첫 손님’ 빈살만,https://www.khan.co.kr/politics/defense-diplomacy/article/202211172116015,2022.11.17 21:16
342, [무함마드 빈살만 방한]윤 대통령 “관계 도약 적기” 빈살만 “방위·건설 등 협력 강화”,https://www.khan.co.kr/politics/defense-diplomacy/article/202211172103015,2022.11.17 21:03
343, 미 국방부 인사 방한···한국 측에 핵태세·미사일방어검토보고서 설명,https://www.khan.co.kr/politics/defense-diplomacy/article/202211171942001,2022.11.17 19:42
344," 북한인권결의안 ‘동참’, 우크라인권결의안 ‘기권’···윤석열 정부의 ‘스텝 꼬인’ 가치외교",https://www.khan.co.kr/politics/defense-diplomacy/article/202211171906001,2022.11.17 19:06
345, 개혁 지휘자·무자비한 군주···‘두 얼굴’의 무함마드 빈살만,https://www.khan.co.kr/politics/defense-diplomacy/article/202211171902011,2022.11.17 19:02
346," 한·네덜란드 정상회담 “양국, 전략적 동반자 관계로 격상”…반도체 협력 강화",https://www.khan.co.kr/politics/defense-diplomacy/article/202211171902001,2022.11.17 19:02
347," 북한, 한·미·일 정상회의 반발 성명 후 바로 단거리 탄도미사일 도발",https://www.khan.co.kr/politics/defense-diplomacy/article/202211171717001,2022.11.17 17:17
348, “페미때문에 미투 당하는걸 예방하는 교육”…공군 성폭력 예방교육 강사의 참담한 말[플랫],https://www.khan.co.kr/politics/defense-diplomacy/article/202211171702001,2022.11.17 17:02
349, 한·미·일 ‘확장억제 강화’에 발끈한 북한…“군사대응 더욱 맹렬” 위협,https://www.khan.co.kr/politics/defense-diplomacy/article/202211171655001,2022.11.17 16:55
350," 윤 대통령, 빈 살만 만나 “양국 관계 도약할 적기”…한남동 관저 첫 손님",https://www.khan.co.kr/politics/defense-diplomacy/article/202211171621001,2022.11.17 16:21
351," 우당 이회영 선생, 순국 90주기 추모식 현충원에서 열려",https://www.khan.co.kr/politics/defense-diplomacy/article/202211171610001,2022.11.17 16:10
352, 현충원 지상에 국군 무명용사 상징 조형물 조성,https://www.khan.co.kr/politics/defense-diplomacy/article/202211171607001,2022.11.17 16:07
353, 전국 안보전시관·역사관에 ‘폭발 위험’ 탄약 2000여개 전시,https://www.khan.co.kr/politics/defense-diplomacy/article/202211171506001,2022.11.17 15:06
354," 김건 한반도본부장 “북, 3월에 8300억 암호화폐 탈취”",https://www.khan.co.kr/politics/defense-diplomacy/article/202211171348001,2022.11.17 13:48
355, 통일부 “한·미 확장억제로 한반도 긴장 고조 아냐···모든 책임 북한에”,https://www.khan.co.kr/politics/defense-diplomacy/article/202211171140001,2022.11.17 11:40
356," 북한, 단거리 탄도미사일 1발 발사···최선희 담화 직후 무력 도발",https://www.khan.co.kr/politics/defense-diplomacy/article/202211171101001,2022.11.17 11:01
357," 군 당국, 최선희 담화 관련 “확고한 대비 태세 유지 중”",https://www.khan.co.kr/politics/defense-diplomacy/article/202211171055001,2022.11.17 10:55
358, [속보]북 최선희 “미 확장억제 강화시 군사대응 더 맹렬해질 것”,https://www.khan.co.kr/politics/defense-diplomacy/article/202211170912001,2022.11.17 09:12
359, 빈 살만 사우디 왕세자 방한···한덕수 국무총리 영접,https://www.khan.co.kr/politics/defense-diplomacy/article/202211170837001,2022.11.17 08:37
360, ‘신의 아들’은 여전히? 고위공직자 아들들은 직할부대에 많았다,https://www.khan.co.kr/politics/defense-diplomacy/article/202211170600001,2022.11.17 06:00
361, 17일 제83회 ‘순국선열의날’ 기념식…처음으로 ‘서대문형무소역사관’에서,https://www.khan.co.kr/politics/defense-diplomacy/article/202211162203005,2022.11.16 22:03
362," 북한 사이버 위협 대응 한미 실무그룹회의 개최····암호화폐 탈취 등 핵, 미사일 개발 자금 차단 방안 논의",https://www.khan.co.kr/politics/defense-diplomacy/article/202211162113001,2022.11.16 21:13
363," ‘인·태 전략’ 미국과 밀착, 중국과 거리…‘외교 리스크’ 남겨",https://www.khan.co.kr/politics/defense-diplomacy/article/202211162046015,2022.11.16 20:46
364," “한·일 정상, 강제징용 해결에 적극적 의기투합”",https://www.khan.co.kr/politics/defense-diplomacy/article/202211162046005,2022.11.16 20:46
365," 윤 대통령 동남아 순방 결산, ‘뚜렷한 선택, 확인된 리스크’",https://www.khan.co.kr/politics/defense-diplomacy/article/202211161802001,2022.11.16 18:02
366, 한·미와 북한 문제 협력할 뜻 보이지 않은 중국···‘적극적 역할’ 주문에 침묵,https://www.khan.co.kr/politics/defense-diplomacy/article/202211161645001,2022.11.16 16:45
367," 대통령실 “한·일 정상, 강제징용 문제 적극적 의기투합”",https://www.khan.co.kr/politics/defense-diplomacy/article/202211161611001,2022.11.16 16:11
368," 우크라이나 침공으로 지탄받는 러시아, 국제무대 ‘왕따’ 절감",https://www.khan.co.kr/politics/defense-diplomacy/article/202211161559001,2022.11.16 15:59
369, [순방 취재기] 전용기보다 18시간42분 늦게 도착···이래도 ‘취재 제한’ 아니다?,https://www.khan.co.kr/politics/defense-diplomacy/article/202211161540001,2022.11.16 15:40
370, 한·미·일 밀착에 일본 때린 북한…캐나다·호주 ‘인·태’ 국가까지 겨냥,https://www.khan.co.kr/politics/defense-diplomacy/article/202211161527011,2022.11.16 15:27
371," 17일 순국선열의 날 기념식, 서대문형무소 옥사서 첫 개최",https://www.khan.co.kr/politics/defense-diplomacy/article/202211161111011,2022.11.16 11:11
372, [G20 정상회의] 윤 대통령 “식량·에너지 분야서 과도한 보호주의 자제를”,https://www.khan.co.kr/politics/defense-diplomacy/article/202211152115025,2022.11.15 21:15
373," 한·미연합사, 이전 합의 3년 만에 평택 이전 완료…‘44년 용산 시대’ 마감",https://www.khan.co.kr/politics/defense-diplomacy/article/202211152115015,2022.11.15 21:15
374," [G20 정상회의] 윤 대통령, 전용기서 특정 언론만 따로 대화…대통령실 “평소 인연”",https://www.khan.co.kr/politics/defense-diplomacy/article/202211152115005,2022.11.15 21:15
375, 윤 대통령 “성숙한 한·중관계” 시진핑 “진정한 다자관계”,https://www.khan.co.kr/politics/defense-diplomacy/article/202211152109015,2022.11.15 21:09
376, 한·중 정상회담도 ‘비공개’…연일 언론 취재와 담쌓는 윤 대통령,https://www.khan.co.kr/politics/defense-diplomacy/article/202211152109005,2022.11.15 21:09
377, 시진핑 “북 호응 땐 윤 대통령 담대한 구상 지지”,https://www.khan.co.kr/politics/defense-diplomacy/article/202211152101025,2022.11.15 21:01
378," ‘협력’ 말했지만, 대화 속엔 ‘견제’ 가득했던 한·중 정상회담",https://www.khan.co.kr/politics/defense-diplomacy/article/202211152022011,2022.11.15 20:22
379," 윤 대통령 “북핵, 중국 역할 기대” 시진핑 “담대한 구상, 북한 의향이 관건”···2년11개월 만의 한·중 정상회담",https://www.khan.co.kr/politics/defense-diplomacy/article/202211152017001,2022.11.15 20:17
380, ‘안전클립 빠진 지뢰’ 30년간 전시···옮기다 터져 장병 2명 중상,https://www.khan.co.kr/politics/defense-diplomacy/article/202211152000001,2022.11.15 20:00
381," 윤 대통령, 바쁜 일정 속 4박6일 동남아 첫 순방 마무리",https://www.khan.co.kr/politics/defense-diplomacy/article/202211151909001,2022.11.15 19:09
382, ‘비공개’ 논란 김건희 여사···발리서 첫 정상 배우자 프로그램 참석,https://www.khan.co.kr/politics/defense-diplomacy/article/202211151853001,2022.11.15 18:53
383," 윤 대통령, G20 정상들 앞에서 “팬데믹으로부터의 자유” 역설",https://www.khan.co.kr/politics/defense-diplomacy/article/202211151829001,2022.11.15 18:29
384," [속보] 윤 대통령·시진핑 주석, 한·중 정상회담장 입장",https://www.khan.co.kr/politics/defense-diplomacy/article/202211151826001,2022.11.15 18:26
385, 한·중 정상회담도 언론 취재 막혀…주요 양자 회담 모두 현장 ‘비공개’,https://www.khan.co.kr/politics/defense-diplomacy/article/202211151810001,2022.11.15 18:10
386," 미·중 정상, 북핵 문제 공통분모 도출 실패…미 ‘방위력 증강’ 시사에 중 대응 주목",https://www.khan.co.kr/politics/defense-diplomacy/article/202211151720001,2022.11.15 17:20
387," 한·미연합사, 44년 ‘용산시대’ 마감하고 평택 이전 완료",https://www.khan.co.kr/politics/defense-diplomacy/article/202211151702011,2022.11.15 17:02
388, 지뢰제거 장병 위험수당 하루 4000원···일부엔 미지급 확인,https://www.khan.co.kr/politics/defense-diplomacy/article/202211151629001,2022.11.15 16:29
389, 한·중 북핵대표 유선 협의···정상회담 앞둔 사전조율 성격,https://www.khan.co.kr/politics/defense-diplomacy/article/202211151558001,2022.11.15 15:58
390," 혈서 들고 홀로 독립만세 외친 고 김정희 선생, 건국훈장 애족장 추서",https://www.khan.co.kr/politics/defense-diplomacy/article/202211151534001,2022.11.15 15:34
391," G20 나선 윤 대통령, MB 연설 언급하며 “식량·에너지 보호주의 자제해야”",https://www.khan.co.kr/politics/defense-diplomacy/article/202211151522011,2022.11.15 15:22
392," “육사 이전 최적지는 충남”…충남도, 국민 공감대 확산 나서",https://www.khan.co.kr/politics/defense-diplomacy/article/202211151435001,2022.11.15 14:35
393," 윤 대통령, 전용기서 특정언론사 기자 2명만 불러 1시간 대화",https://www.khan.co.kr/politics/defense-diplomacy/article/202211151346001,2022.11.15 13:46
394," 미·러 정보수장 회동…백악관 “러에 핵 사용 말라 경고, 미국인 석방 문제 논의”",https://www.khan.co.kr/politics/defense-diplomacy/article/202211151156001,2022.11.15 11:56
395, 국방부 ‘일본 방위백서’ 대응에 초계기 항의 왜 없었나,https://www.khan.co.kr/politics/defense-diplomacy/article/202211151049001,2022.11.15 10:49
396," 윤 대통령, 시진핑 만난다···한·중 정상회담 성사",https://www.khan.co.kr/politics/defense-diplomacy/article/202211150932001,2022.11.15 09:32
397," 한덕수 총리, 윤석열 대통령 대신 APEC 정상회의 참석···“개방적 다자무역기구 논의”",https://www.khan.co.kr/politics/defense-diplomacy/article/202211150835001,2022.11.15 08:35
398," 윤 대통령 “한국 기업들, 메이킹 인도네시아 전략의 최적 파트너”",https://www.khan.co.kr/politics/defense-diplomacy/article/202211142121025,2022.11.14 21:21
399," 북 넘어 ‘중국 견제’ 한 배 탄 한국, 시험대 오른 한반도 안보",https://www.khan.co.kr/politics/defense-diplomacy/article/202211142121005,2022.11.14 21:21
400," 윤 대통령 “글로벌 복합위기, 공급 혁신이 해법 민간 주도 성장 핵심은 디지털 전환”",https://www.khan.co.kr/politics/defense-diplomacy/article/202211142113015,2022.11.14 21:13
401, 바이든·시진핑 첫 대면 정상회담···대만 문제 등 현안 두고 입장차 확인,https://www.khan.co.kr/politics/defense-diplomacy/article/202211142036001,2022.11.14 20:36
402," 북한 외무성 “조선반도 정세, 안정 못찾고 극단으로”···호주 걸고 한·미·일 비난",https://www.khan.co.kr/politics/defense-diplomacy/article/202211141853001,2022.11.14 18:53
403, [뉴스분석]북한 넘어 중국 정조준한 한미일 공동성명···미국 인·태 전략 ‘동조화’ 선언한 윤석열 정부,https://www.khan.co.kr/politics/defense-diplomacy/article/202211141741001,2022.11.14 17:41
404, 세계가 주목하는 미·중 정상회담…뚜렷한 결과물보단 ‘레드라인’ 확인에 방점,https://www.khan.co.kr/politics/defense-diplomacy/article/202211141657011,2022.11.14 16:57
405, 이종섭 국방장관 “ROTC 복무기간 단축 공약 검토 중”,https://www.khan.co.kr/politics/defense-diplomacy/article/202211141643001,2022.11.14 16:43
406, 윤 대통령 B20 연설 “민간 주도의 공급 혁신으로 위기 극복 가능”,https://www.khan.co.kr/politics/defense-diplomacy/article/202211141620001,2022.11.14 16:20
407, 중간선거 이후 미국 대북정책 바뀔까···“현상 유지” 분석 네가지 이유,https://www.khan.co.kr/politics/defense-diplomacy/article/202211141519001,2022.11.14 15:19
408," 윤 대통령, ‘4군 체제’ 전환 추진 공약 맞춰···해병대기, 정식 군기로",https://www.khan.co.kr/politics/defense-diplomacy/article/202211141140001,2022.11.14 11:40
409, 윤 대통령 인니 발리 도착 ‘G20 일정’ 시작···한·중 정상회담 개최될까,https://www.khan.co.kr/politics/defense-diplomacy/article/202211140748001,2022.11.14 07:48
410, 과거사 문제 결론 못 내고 “조속 해결” 공감만,https://www.khan.co.kr/politics/defense-diplomacy/article/202211132309005,2022.11.13 23:09
411," ‘과거사 문제’ 미뤄놓고, 북핵 대응만 손잡은 한·일 정상",https://www.khan.co.kr/politics/defense-diplomacy/article/202211132139001,2022.11.13 21:39
412," 윤 대통령, 남중국해 영유권 갈등에 “긴장 고조 행위 자제를”",https://www.khan.co.kr/politics/defense-diplomacy/article/202211132131025,2022.11.13 21:31
413," 바이든 “한국 기업, 미 경제에 크게 기여…IRA 이행에 고려”",https://www.khan.co.kr/politics/defense-diplomacy/article/202211132123015,2022.11.13 21:23
414, 더 구체화한 ‘3국 공조’…“인·태 너머 협력” 중국 견제,https://www.khan.co.kr/politics/defense-diplomacy/article/202211132123005,2022.11.13 21:23
415, 한·미·일 정상 “대북 확장억제 강화”,https://www.khan.co.kr/politics/defense-diplomacy/article/202211132117025,2022.11.13 21:17
416, ‘프놈펜 성명’ 무엇이 담겼나…구체화한 3국 공조,https://www.khan.co.kr/politics/defense-diplomacy/article/202211132046001,2022.11.13 20:46
417," “북한 핵 사용시 압도적 힘으로 대응” 윤 대통령, 바이든과 50분 회담",https://www.khan.co.kr/politics/defense-diplomacy/article/202211132007001,2022.11.13 20:07
418, 한·미·일 정상 “3국 파트너십 전례없는 수준”…‘프놈펜 성명’ 도출,https://www.khan.co.kr/politics/defense-diplomacy/article/202211131953001,2022.11.13 19:53
419, 바이든 “한국 기업의 미국 경제 기여 고려해 IRA 이행안 논의”,https://www.khan.co.kr/politics/defense-diplomacy/article/202211131924001,2022.11.13 19:24
420," 한미일 정상, 이태원 참사 추모···“비극에 대해 애도”",https://www.khan.co.kr/politics/defense-diplomacy/article/202211131921001,2022.11.13 19:21
421," [속보]윤 대통령 “한반도 역내 정세, 강력한 한미일 공조 요구”",https://www.khan.co.kr/politics/defense-diplomacy/article/202211131904001,2022.11.13 19:04
422," [속보]윤 대통령, 기시다와 한일정상회담 돌입",https://www.khan.co.kr/politics/defense-diplomacy/article/202211131902001,2022.11.13 19:02
423," [속보]바이든 “한·미·일, 협력해 북핵 위협 대응할 것···대만 해협문제도 대응”",https://www.khan.co.kr/politics/defense-diplomacy/article/202211131900011,2022.11.13 19:00
424," [속보]윤 대통령, 한미일 정상회담 돌입",https://www.khan.co.kr/politics/defense-diplomacy/article/202211131850001,2022.11.13 18:50
425," [속보]윤 대통령, 바이든과 한·미 정상회담 돌입",https://www.khan.co.kr/politics/defense-diplomacy/article/202211131750001,2022.11.13 17:50
426, 독립유공자 이한호·홍재하 유해 봉환···62년 만에 고국으로,https://www.khan.co.kr/politics/defense-diplomacy/article/202211131640001,2022.11.13 16:40
427, 국정원이 사이버안보 통합 대응?···‘민간 감시’ 우려에도 또다시 추진,https://www.khan.co.kr/politics/defense-diplomacy/article/202211131612001,2022.11.13 16:12
428," 윤 대통령, 동아시아 정상회의 연설 “북한 핵실험 감행시 단호히 대응해야”",https://www.khan.co.kr/politics/defense-diplomacy/article/202211131610001,2022.11.13 16:10
429, 군인부부 다섯 쌍둥이 돌잔치에 김건희 여사 손편지 “사랑·우정 통해 잘 성장할 것”,https://www.khan.co.kr/politics/defense-diplomacy/article/202211131519001,2022.11.13 15:19
430, 대통령실 “아세안은 미중 전략경쟁 전쟁터···우리 이익만 좇으면 실수 확률 커져”,https://www.khan.co.kr/politics/defense-diplomacy/article/202211122339001,2022.11.12 23:39
431, 윤 대통령의 “힘에 의한 현상변경 용인 안돼” 발언···대통령실 “중국 겨냥 아니다”,https://www.khan.co.kr/politics/defense-diplomacy/article/202211121746001,2022.11.12 17:46
432," 윤 대통령, 리커창과 환담···“중, 한반도 비핵화 위해 건설적 역할”",https://www.khan.co.kr/politics/defense-diplomacy/article/202211121714001,2022.11.12 17:14
433," [속보]윤 대통령, 내일 한·일 정상회담",https://www.khan.co.kr/politics/defense-diplomacy/article/202211121648001,2022.11.12 16:48
434, 백악관 “북한 도발 계속되면 동북아 주둔 미군 강화”,https://www.khan.co.kr/politics/defense-diplomacy/article/202211121517001,2022.11.12 15:17
435," 윤 대통령, 아세안+3 경제협력 강조 “RCEP 개방 수준 제고 추진할 것”",https://www.khan.co.kr/politics/defense-diplomacy/article/202211121407001,2022.11.12 14:07
436," 윤 대통령, 아세안+3 정상회의 참석 “연대와 협력으로 복합 위기 극복해야”",https://www.khan.co.kr/politics/defense-diplomacy/article/202211121154001,2022.11.12 11:54
437," 윤 대통령, 캄보디아 동포 간담회 “양국 우호 관계 역할 해달라”",https://www.khan.co.kr/politics/defense-diplomacy/article/202211112252001,2022.11.11 22:52
438," ‘순방 동행’ 김건희 여사, 한국인 운영 병원 찾아 “윤 대통령도 감동받아”",https://www.khan.co.kr/politics/defense-diplomacy/article/202211112215001,2022.11.11 22:15
439," 윤 대통령, 태국 총리와 정상회담…협력 강화 ‘공동행동계획’ 채택",https://www.khan.co.kr/politics/defense-diplomacy/article/202211112143001,2022.11.11 21:43
440, ‘한국판’ 인도·태평양 전략 내놓은 윤 대통령 “자유·번영·평화의 인태 지역 만들자”,https://www.khan.co.kr/politics/defense-diplomacy/article/202211112133001,2022.11.11 21:33
441," “인·태 지역 안정, 우리 생존 직결”…한·아세안 연대구상 제안",https://www.khan.co.kr/politics/defense-diplomacy/article/202211112104025,2022.11.11 21:04
442, ‘언론 통제’ 논란 속 순방…윤 대통령 ‘한국판 인·태 전략’ 선언,https://www.khan.co.kr/politics/defense-diplomacy/article/202211112056025,2022.11.11 20:56
443," 국방부 “155㎜ 포탄 10만발, 미국 수출 협의 중”…우크라에 ‘우회 지원’ 논란 예고",https://www.khan.co.kr/politics/defense-diplomacy/article/202211112056015,2022.11.11 20:56
444," 윤 대통령, “자유·평화·번영 3대 비전 바탕으로 인·태 전략 이행”",https://www.khan.co.kr/politics/defense-diplomacy/article/202211111822001,2022.11.11 18:22
445," 외교부, MBC에 ‘대통령 비속어’ 정정보도 청구했지만 조정 불성립…법적 소송 가능성",https://www.khan.co.kr/politics/defense-diplomacy/article/202211111700001,2022.11.11 17:00
446," 한국, 미국에 155㎜ 포탄 10만발 수출협의···우크라에 간접 지원?",https://www.khan.co.kr/politics/defense-diplomacy/article/202211111605001,2022.11.11 16:05
447," 통일부, 북한주민 시신 송환을 위한 대북통지문 발송···북한 무응답",https://www.khan.co.kr/politics/defense-diplomacy/article/202211111440001,2022.11.11 14:40
448," 국방부 “美 탄약 수출 협의 중, 우크라 직접 지원은 아냐”",https://www.khan.co.kr/politics/defense-diplomacy/article/202211110932001,2022.11.11 09:32
449," 북한, 우리 군의 울산 미사일 반박에 “뻔뻔스러운 생억지”",https://www.khan.co.kr/politics/defense-diplomacy/article/202211110732001,2022.11.11 07:32
450, 이란 “극초음속 미사일 개발 성공…모든 방공망 무력화” 주장,https://www.khan.co.kr/politics/defense-diplomacy/article/202211102157001,2022.11.10 21:57
451," 한·미·일, 13일 정상회담…윤 대통령 “인도·태평양 전략 원칙 밝힐 것”",https://www.khan.co.kr/politics/defense-diplomacy/article/202211102107015,2022.11.10 21:07
452, ‘MBC 전용기 탑승 불허’ 윤 대통령 “국익 때문”···기자단 “특혜 베푸는 줄 아나”,https://www.khan.co.kr/politics/defense-diplomacy/article/202211101727001,2022.11.10 17:27
453, [영상] 국산 초음속 전투기 KF21 ‘2호기’도 날았다,https://www.khan.co.kr/politics/defense-diplomacy/article/202211101514001,2022.11.10 15:14
454," 합참, 핵‧WMD대응본부 설치 위한 입법화 착수",https://www.khan.co.kr/politics/defense-diplomacy/article/202211101446001,2022.11.10 14:46
455," 공화당 주도 미 하원, 대북 기조 ‘파격적 변화’ 가능성 적어",https://www.khan.co.kr/politics/defense-diplomacy/article/202211092148005,2022.11.09 21:48
456," 윤 대통령, 취임 첫 동남아 순방…아세안·G20 정상외교",https://www.khan.co.kr/politics/defense-diplomacy/article/202211092057025,2022.11.09 20:57
457," ‘11~16일 동남아 순방’ 윤 대통령, G20에서 시진핑 만나나",https://www.khan.co.kr/politics/defense-diplomacy/article/202211091906001,2022.11.09 19:06
458, 미 중간선거···북한 우선순위 낮아 한반도 정세 영향은 크지 않을 듯,https://www.khan.co.kr/politics/defense-diplomacy/article/202211091741001,2022.11.09 17:41
459," 북한, 구형 소련제 SA-5 지대공 미사일→지대지 방식으로 발사",https://www.khan.co.kr/politics/defense-diplomacy/article/202211091636001,2022.11.09 16:36
460," 북한, 평남 숙천서 단거리 탄도미사일 1발 발사···비행거리 290㎞, 고도 30㎞",https://www.khan.co.kr/politics/defense-diplomacy/article/202211091541001,2022.11.09 15:41
461," 윤 대통령, 11~16일 아세안·G20 순방…“바이든 회담 협의 중, 시진핑 만날 기회 있을 것”",https://www.khan.co.kr/politics/defense-diplomacy/article/202211091110001,2022.11.09 11:10
462, NLL 넘어온 북한 미사일은 SA-5 지대공 미사일,https://www.khan.co.kr/politics/defense-diplomacy/article/202211091001001,2022.11.09 10:01
463," 손·발톱만 돌아왔던 6·25 전사자 송병선 하사, 70년 만에 유해 추가 확인",https://www.khan.co.kr/politics/defense-diplomacy/article/202211081448001,2022.11.08 14:48
464," 북, 유엔사무총장에 “백악관 대변인”…러시아 무기거래설엔 “근거 없어”",https://www.khan.co.kr/politics/defense-diplomacy/article/202211081143001,2022.11.08 11:43
465," 일본 언론 “미국, 북한 핵실험시 항공모함 동해 파견 방침”",https://www.khan.co.kr/politics/defense-diplomacy/article/202211080939001,2022.11.08 09:39
466, 울산 순항미사일 추가되고 ICBM 빠진 북한 발표···합참 “사실과 달라”,https://www.khan.co.kr/politics/defense-diplomacy/article/202211071708001,2022.11.07 17:08
467," ‘비질런트 스톰’에 “울산 앞바다 80㎞ 순항미사일 타격”…북, 대남 위협 과시",https://www.khan.co.kr/politics/defense-diplomacy/article/202211071551011,2022.11.07 15:51
468, ‘비질런트 스톰’ 끝났지만···북핵·미사일 위협 대비 태극연습 시작,https://www.khan.co.kr/politics/defense-diplomacy/article/202211071520001,2022.11.07 15:20
469, 인천 소청도서 해병대 20대 부사관 총상 입고 숨진채 발견,https://www.khan.co.kr/politics/defense-diplomacy/article/202211071511001,2022.11.07 15:11
470, 북한 “2일 울산 앞 공해에 순항미사일 2발 타격”···합참 “사실과 달라”,https://www.khan.co.kr/politics/defense-diplomacy/article/202211071420001,2022.11.07 14:20
471," ‘강대강 대치’ 한미 연합공중훈련 종료···전쟁 위기 높아진 한반도, 긴장 완화 방안 적극 모색해야",https://www.khan.co.kr/politics/defense-diplomacy/article/202211061724001,2022.11.06 17:24
472," 한국 해군, 일본 관함식서 ‘욱일기’ 경례 논란···민주당 “어느 나라 정부냐”",https://www.khan.co.kr/politics/defense-diplomacy/article/202211061659001,2022.11.06 16:59
473," 유엔 안보리 회의, 중·러 반대로 이번에도 성과 없이 종료",https://www.khan.co.kr/politics/defense-diplomacy/article/202211061504001,2022.11.06 15:04
474," 북, 북·중 접경지서 서해로 미사일 4발 발사 도발",https://www.khan.co.kr/politics/defense-diplomacy/article/202211051754001,2022.11.05 17:54
475," 북, 서해로 단거리 탄도미사일 4발 발사···또 도발",https://www.khan.co.kr/politics/defense-diplomacy/article/202211051739001,2022.11.05 17:39
476, 미 전략폭격기 B-1B 한반도 뜬다…북 도발에 경고,https://www.khan.co.kr/politics/defense-diplomacy/article/202211051257001,2022.11.05 12:57
477, 북한 외무성 “끝까지 초강력 대응···‘무장해제 강요’ 미국 절대적 책임”,https://www.khan.co.kr/politics/defense-diplomacy/article/202211050113001,2022.11.05 01:13
478, 핵 항모·스텔스기 등 미 전략자산 전개 빈도와 강도 확대,https://www.khan.co.kr/politics/defense-diplomacy/article/202211042106035,2022.11.04 21:06
479," 한·독 정상회담 “북 도발, 심각한 우려 공유…긴밀히 공조”",https://www.khan.co.kr/politics/defense-diplomacy/article/202211042106025,2022.11.04 21:06
480," 북, 미그기 등 전투기 무더기 무력 시위…군, F-35 등 80여대 출격",https://www.khan.co.kr/politics/defense-diplomacy/article/202211042106015,2022.11.04 21:06
481, 한반도 미 전략자산 상시 배치 수준으로,https://www.khan.co.kr/politics/defense-diplomacy/article/202211042100005,2022.11.04 21:00
482," 북핵 위협 점증 속에 한·미, 미 전략자산 상시 전개 수준으로 대응키로",https://www.khan.co.kr/politics/defense-diplomacy/article/202211041747001,2022.11.04 17:47
483, 다연장로켓 ‘천무’ 폴란드 수출···올해 K방산 수출수주액 24조원 돌파,https://www.khan.co.kr/politics/defense-diplomacy/article/202211041724001,2022.11.04 17:24
484, 합참 “북한 군용기 180여개 항적 식별···F-35A 등 80여대 긴급출격”,https://www.khan.co.kr/politics/defense-diplomacy/article/202211041541001,2022.11.04 15:41
485," 여야, 국방위서 ‘북한 도발 규탄 결의안’ 의결···이재명 “대북 특사 파견 제안”",https://www.khan.co.kr/politics/defense-diplomacy/article/202211041526001,2022.11.04 15:26
486," 합참, 7일부터 ‘북한 도발 대비’ 태극연습 실시···한·미 연합공중훈련 하루 연장",https://www.khan.co.kr/politics/defense-diplomacy/article/202211041521001,2022.11.04 15:21
487, 한기호 “공습사이렌 울려 지하철로 사람 몰리면 이태원 참사는 유가 아닐 것”,https://www.khan.co.kr/politics/defense-diplomacy/article/202211041442001,2022.11.04 14:42
488," 윤 대통령, 독일 대통령 만나 “북한 미사일 도발, 심각한 우려 공유··· 긴밀히 공조할 것”",https://www.khan.co.kr/politics/defense-diplomacy/article/202211041428001,2022.11.04 14:28
489, 군 ‘북 미사일 잔해’ 수거작업···구조함이 NLL 이남에서 탐색중,https://www.khan.co.kr/politics/defense-diplomacy/article/202211041059001,2022.11.04 10:59
490, [전문]한미안보협의회의 공동성명···미 국방 “김정은 정권 종말”,https://www.khan.co.kr/politics/defense-diplomacy/article/202211040954001,2022.11.04 09:54
491," 북한, 한밤중 동해로 80여발 포격…“9·19 합의 위반”",https://www.khan.co.kr/politics/defense-diplomacy/article/202211040047001,2022.11.04 00:47
492," 북한, 또 동해상으로 단거리 탄도미사일 3발 발사···비행거리 490㎞·고도 약 130㎞",https://www.khan.co.kr/politics/defense-diplomacy/article/202211032201001,2022.11.03 22:01
493," 북한 박정천, 한·미연합공중훈련 연장에 “돌이킬 수 없는 엄청난 실수”",https://www.khan.co.kr/politics/defense-diplomacy/article/202211032050001,2022.11.03 20:50
494, 윤 대통령 “한·미 확장억제 실행력 강화” 지시,https://www.khan.co.kr/politics/defense-diplomacy/article/202211032042035,2022.11.03 20:42
495," 패트리엇 미사일, 발사 직전 취소…천궁 1발은 레이더 불량 ‘공중 폭발’",https://www.khan.co.kr/politics/defense-diplomacy/article/202211032042015,2022.11.03 20:42
496," 한일의원연맹 성명, “한·일정상회담 요청···J-POP, K-POP 청년문화 교류 촉진”",https://www.khan.co.kr/politics/defense-diplomacy/article/202211031902001,2022.11.03 19:02
497," ‘괴물 ICBM’ 화성-17형 추정 미사일, 추진체 연소 문제로 실패한 듯",https://www.khan.co.kr/politics/defense-diplomacy/article/202211031805001,2022.11.03 18:05
498," “가용수단 총동원” 북 도발, ICBM 발사로 단계 격상···결국엔 핵실험?",https://www.khan.co.kr/politics/defense-diplomacy/article/202211031739001,2022.11.03 17:39
499," 정부, “북한 도발에 유엔 안보리 대응 필요···추가 독자제재 검토”",https://www.khan.co.kr/politics/defense-diplomacy/article/202211031712001,2022.11.03 17:12
500," 북한, ICBM 화성-17형 발사하며 연일 고강도 무력 시위···한·미, ‘비질런트 스톰’ 연장",https://www.khan.co.kr/politics/defense-diplomacy/article/202211031704001,2022.11.03 17:04
501, 천궁 미사일 교신 끊겨 공중 폭발·패트리엇은 레이더 오류로 발사 취소,https://www.khan.co.kr/politics/defense-diplomacy/article/202211031556001,2022.11.03 15:56
502, 국민의힘 “북한 도발 강력 규탄···미·일과 협력”,https://www.khan.co.kr/politics/defense-diplomacy/article/202211031327001,2022.11.03 13:27
503," 북한, ‘화성17형’ 추정 ICBM 발사…2단 분리 후 정상비행 실패",https://www.khan.co.kr/politics/defense-diplomacy/article/202211031155001,2022.11.03 11:55
504," 윤 대통령, 긴급 NSC 참석 “확장억제 실행력 강화”",https://www.khan.co.kr/politics/defense-diplomacy/article/202211031149001,2022.11.03 11:49
505," 북한, ‘ICBM 추정’ 장거리미사일 1발 발사 실패 추정",https://www.khan.co.kr/politics/defense-diplomacy/article/202211031103001,2022.11.03 11:03
506," 정진석 “문재인 정권 5년, 김정은에 핵 고도화 시간 벌어줘···통탄할 노릇”",https://www.khan.co.kr/politics/defense-diplomacy/article/202211030931001,2022.11.03 09:31
507," 북한, 동해상으로 장거리 탄도미사일 포함 3발 발사",https://www.khan.co.kr/politics/defense-diplomacy/article/202211030852011,2022.11.03 08:52
508," 박진 외교장관, 아소 일본 전 총리와 조찬회동",https://www.khan.co.kr/politics/defense-diplomacy/article/202211030840001,2022.11.03 08:40
509," 합참 “북한, 미상의 탄도미사일 동해상으로 발사”",https://www.khan.co.kr/politics/defense-diplomacy/article/202211030751001,2022.11.03 07:51
