index,title,link,date
0," 나경원, ‘윤심·윤핵관’에 주저앉았다···“솔로몬의 재판 진짜 엄마 심정”",https://www.khan.co.kr/politics/politics-general/article/202301251743001,1시간 전
1, 윤 대통령 “글로벌 스탠다드로 정부 시스템 바꿔야”,https://www.khan.co.kr/politics/politics-general/article/202301251732001,1시간 전
2, ‘난방비 폭등’ 쟁점화한 민주당···30조원 추경에 가구당 최대 40만원 지원 제안까지,https://www.khan.co.kr/politics/politics-general/article/202301251548001,3시간 전
3, 국민의힘 “이란과 북은 군사적 일심동체”…윤 대통령 “UAE 적은 이란” 발언 재점화?,https://www.khan.co.kr/politics/politics-general/article/202301251039001,8시간 전
4," [속보] 나경원, 당대표 불출마",https://www.khan.co.kr/politics/politics-general/article/202301250950001,9시간 전
5, 개점 휴업 중인 1월 임시국회,https://www.khan.co.kr/politics/politics-general/article/202301241550001,2023.01.24 15:50
6," 김기현 ‘20대 남성과 유기견’, 안철수 ‘안보와 윤심’···당권경쟁 다른 코드",https://www.khan.co.kr/politics/politics-general/article/202301241512001,2023.01.24 15:12
7, [국민의힘이 전한 설민심] “이재명 대표 피로감 호소”,https://www.khan.co.kr/politics/politics-general/article/202301241347001,2023.01.24 13:47
8, 김기현 “여성 군사기본교육 도입” 재차 주장···군사독재 잔재 ‘교련’ 유사,https://www.khan.co.kr/politics/politics-general/article/202301241041001,2023.01.24 10:41
9," 일제히 ‘민생’ 강조하면서도··· 여 ‘통합’, 야 ‘견제’ 서로 다른 메시지",https://www.khan.co.kr/politics/politics-general/article/202301221408001,2023.01.22 14:08
10, 여당 지지층 당대표 적합도 김기현 1위··· 양자대결에선 안철수 강세,https://www.khan.co.kr/politics/politics-general/article/202301221154001,2023.01.22 11:54
11," 이태원 참사 국정조사 보고서에 청년은 없다···정치권, MZ 틀 깰 수 있을까",https://www.khan.co.kr/politics/politics-general/article/202301221040001,2023.01.22 10:40
12," 민주당 “검찰의 야비한 언론플레이”…법무부 “공소장, 언론에 흘린 적 없다”",https://www.khan.co.kr/politics/politics-general/article/202301212042001,2023.01.21 20:42
13," 꼼수의 연속, 선거제도 변천사…이번엔 다를까?",https://www.khan.co.kr/politics/politics-general/article/202301211949001,2023.01.21 19:49
14, 이태원 참사 100일 다가오는데···갈 길 먼 진상조사기구 설치,https://www.khan.co.kr/politics/politics-general/article/202301211744001,2023.01.21 17:44
15, 이재명 “야당 탄압에 결연히 맞서겠다”,https://www.khan.co.kr/politics/politics-general/article/202301211536001,2023.01.21 15:36
16, 윤 대통령 부부 설인사 “새로운 도약 향해 모든 역량 모으겠다”,https://www.khan.co.kr/politics/politics-general/article/202301211310001,2023.01.21 13:10
17, 2번째 검찰 출석 앞둔 이재명…역대 야당 지도자 검찰 수난사,https://www.khan.co.kr/politics/politics-general/article/202301211040001,2023.01.21 10:40
18, 나경원 “대통령님께 깊이 사과”···‘반윤 프레임’ 털고 ‘당심’ 되돌릴 수 있을까,https://www.khan.co.kr/politics/politics-general/article/202301202042001,2023.01.20 20:42
19, [속보] 나경원 “윤 대통령님께 깊이 사과”…‘대통령 본의 아닐 것’ 후폭풍 진화 나서,https://www.khan.co.kr/politics/politics-general/article/202301201818001,2023.01.20 18:18
20, 귀국 앞둔 윤 대통령 “설 명절 안전관리 철저히 하라”,https://www.khan.co.kr/politics/politics-general/article/202301201547001,2023.01.20 15:47
21," 경찰, ‘닥터카 논란’ 신현영 의원 소환 조사",https://www.khan.co.kr/politics/politics-general/article/202301201309001,2023.01.20 13:09
22," 국민의힘 당권주자들, 설 앞두고 메시지 경쟁…“김장연대, 말장난 말라”",https://www.khan.co.kr/politics/politics-general/article/202301201210001,2023.01.20 12:10
23," 윤 대통령 “미국 확장억제 신뢰, NPT 체제 존중하는 것이 현실적”",https://www.khan.co.kr/politics/politics-general/article/202301201122001,2023.01.20 11:22
24," 이준석 “나경원, 저와 비슷한 경험하고 있다”",https://www.khan.co.kr/politics/politics-general/article/202301201052001,2023.01.20 10:52
25," 전장연, 지하철 4호선서 탑승 시위 재개",https://www.khan.co.kr/politics/politics-general/article/202301201041001,2023.01.20 10:41
26," [속보]한덕수 “실내마스크 의무, 1월30일부터 권고로 완화”",https://www.khan.co.kr/politics/politics-general/article/202301200904011,2023.01.20 09:04
27, 윤 대통령 ‘중대선거제’ 띄웠지만…전문가들 “유일 해법 아니다”,https://www.khan.co.kr/politics/politics-general/article/202301192131005,2023.01.19 21:31
28, ‘현타’ 온 나경원? “정치 여정 돌아보고 있다”,https://www.khan.co.kr/politics/politics-general/article/202301191949001,2023.01.19 19:49
29, 윤상현 “윤 대통령을 특정 정파 대통령으로 한정”···초선 성명 비판,https://www.khan.co.kr/politics/politics-general/article/202301191811001,2023.01.19 18:11
30," [위기의 민주당] ①이용우 “수사 방어에 급급하고, 경제정책은 ‘로빈훗식’ 발상”",https://www.khan.co.kr/politics/politics-general/article/202301191722001,2023.01.19 17:22
31," 윤 대통령 ‘중대선거구제’에, 전문가들 “회의적”…“완벽한 선거제는 없다”",https://www.khan.co.kr/politics/politics-general/article/202301191715001,2023.01.19 17:15
32," 윤 대통령 “첫째도, 둘째도, 셋째도 경제···‘1호 영업사원’으로 더 열심히 뛰겠다”",https://www.khan.co.kr/politics/politics-general/article/202301191710001,2023.01.19 17:10
33, 정의당 ‘민생비상구’ 출범···‘대안 야당’ 자리매김 전략,https://www.khan.co.kr/politics/politics-general/article/202301191614001,2023.01.19 16:14
34," 정진석 “이재명과 김성태, 북한에 뇌물”···사형 처하는 ‘여적죄’ 거론",https://www.khan.co.kr/politics/politics-general/article/202301191532011,2023.01.19 15:32
35, ‘공직선거법 위반’ 이장우 대전시장 벌금형,https://www.khan.co.kr/politics/politics-general/article/202301191427011,2023.01.19 14:27
36, ‘임신부 전용의자’ 지원···전북도 5급 여성공무원 비율 30%로 늘린다,https://www.khan.co.kr/politics/politics-general/article/202301191407001,2023.01.19 14:07
37," [속보]검찰, ‘블랙리스트 의혹’ 조현옥 전 인사수석, 전 산업·과기·통일 장관 기소",https://www.khan.co.kr/politics/politics-general/article/202301191346001,2023.01.19 13:46
38," 김기현, 지지율 상승세 굳히기 전략···“목표는 과반 득표하는 것”",https://www.khan.co.kr/politics/politics-general/article/202301191106011,2023.01.19 11:06
39," 본격화하는 ‘신공안정국’… “국정원, 전국서 시위하듯 간첩 수사”",https://www.khan.co.kr/politics/politics-general/article/202301181709001,2023.01.18 17:09
40, ‘나경원’에 대한 김기현과 안철수의 다른 ‘셈법’,https://www.khan.co.kr/politics/politics-general/article/202301181654001,2023.01.18 16:54
41, ‘친윤 패권주의 돌격대’ 된 국민의힘 초선의원들,https://www.khan.co.kr/politics/politics-general/article/202301181557001,2023.01.18 15:57
42, 야 3당 “이태원 참사 진상조사위 구성해야”···유가족은 마지막까지 눈물,https://www.khan.co.kr/politics/politics-general/article/202301181526001,2023.01.18 15:26
43," “전범기업 봐주는 굴욕외교”, 수요시위서 정부 강제동원 해법 규탄",https://www.khan.co.kr/politics/politics-general/article/202301181506001,2023.01.18 15:06
44," 윤상현 “나경원, 윤 대통령을 잘못 판단하는 지도자로 비하한 격”",https://www.khan.co.kr/politics/politics-general/article/202301180915001,2023.01.18 09:15
45," 나경원, 대전시당 신년회 불참…김기현·윤상현만 참석",https://www.khan.co.kr/politics/politics-general/article/202301180834001,2023.01.18 08:34
46," 정진석 “나경원, 자꾸 대통령 끌어들이는 것 바람직하지 않아”",https://www.khan.co.kr/politics/politics-general/article/202301172153001,2023.01.17 21:53
47," 이재명, 검찰 진술서 전격 공개···“단 한 푼의 사적 이익도 안 취해”",https://www.khan.co.kr/politics/politics-general/article/202301172056001,2023.01.17 20:56
48," 윤 대통령 “과학기술 선택권과 통제권, 생존권만큼 중요”",https://www.khan.co.kr/politics/politics-general/article/202301171931001,2023.01.17 19:31
49," 건협, 설 명절맞이 ‘따뜻한 겨울나기’ 보훈가족 후원",https://www.khan.co.kr/politics/politics-general/article/202301171852001,2023.01.17 18:52
50, 나경원 “결심 거의 섰다” 출마 시사에···김기현·안철수 빨라진 발걸음,https://www.khan.co.kr/politics/politics-general/article/202301171801001,2023.01.17 18:01
51," 민주당, 연이은 이재명 소환 통보에···‘김건희 특검’으로 맞불",https://www.khan.co.kr/politics/politics-general/article/202301171725011,2023.01.17 17:25
52," [인터뷰] 우상호 국조특위위원장 “국정조사, 유가족 눈물로 시작하고 끝나···2차 가해 엄벌하는 법 필요”",https://www.khan.co.kr/politics/politics-general/article/202301171708001,2023.01.17 17:08
53, 계엄군 묘지 참배한 오월단체 간부들 “5·18 때 산화”,https://www.khan.co.kr/politics/politics-general/article/202301171601001,2023.01.17 16:01
54, 김대기 실장 “대통령이 나경원 처신 어떻게 생각하는지 본인이 잘 알 것”,https://www.khan.co.kr/politics/politics-general/article/202301171539001,2023.01.17 15:39
55," 외교부, ‘윤 대통령, UAE 적은 이란’ 발언 “장병 격려 차원···불필요한 확대해석 없길”",https://www.khan.co.kr/politics/politics-general/article/202301171528001,2023.01.17 15:28
56, 이정미 “대통령 결선투표 원포인트 개헌···재창당 8~9월쯤 마무리”,https://www.khan.co.kr/politics/politics-general/article/202301171524011,2023.01.17 15:24
57," 윤 대통령 “한·일관계, 깊은 질곡에 빠져있었으나 최근 개선 흐름”",https://www.khan.co.kr/politics/politics-general/article/202301171517001,2023.01.17 15:17
58," “여론조사 블랙아웃 없애자”···선관위, 국회에 선거법 개정의견 제출",https://www.khan.co.kr/politics/politics-general/article/202301171508001,2023.01.17 15:08
59," 만19~34세 청년, 올해부터 정부 부처에서도 인턴 가능",https://www.khan.co.kr/politics/politics-general/article/202301171451001,2023.01.17 14:51
60," 국민의힘, 김성태 귀국에 “이재명 불법 리스크, 이제 시작” 총공세",https://www.khan.co.kr/politics/politics-general/article/202301171339001,2023.01.17 13:39
61," 당정 “설 연휴, 전통시장·지하철 인파관리”",https://www.khan.co.kr/politics/politics-general/article/202301171139001,2023.01.17 11:39
62," 나경원 “내 해임 대통령 본의 아냐, 전달과정 왜곡···그걸 바로잡는 당대표 필요”",https://www.khan.co.kr/politics/politics-general/article/202301171107001,2023.01.17 11:07
63, 박홍근 “이재명 악마화에 여념 없어···김건희 특검 통해서라도 진상규명”,https://www.khan.co.kr/politics/politics-general/article/202301170953001,2023.01.17 09:53
64," 한동훈과 국민의힘의 ‘티키타카’···“이재명, 성남FC 무혐의 처분 한 번도 없어”",https://www.khan.co.kr/politics/politics-general/article/202301161931001,2023.01.16 19:31
65, 홍준표 “나경원 당대표 출마 가능성 높아”…대형마트 일요휴무제는 ‘좌파 포퓰리즘’,https://www.khan.co.kr/politics/politics-general/article/202301161720001,2023.01.16 17:20
66," 김건희 여사, UAE 대통령 모친 파티마 여사와 만찬",https://www.khan.co.kr/politics/politics-general/article/202301161710001,2023.01.16 17:10
67, 이재명 “대일 저자세 굴종 외교 점입가경”···윤석열 정부 강제동원 해법 비판,https://www.khan.co.kr/politics/politics-general/article/202301161616001,2023.01.16 16:16
68, 김기현 “김장연대 철 지나···더 이상 안 써줬으면”,https://www.khan.co.kr/politics/politics-general/article/202301161551001,2023.01.16 15:51
69," 법사위, 양곡관리법 단독 상정에 파행···“단독 처리 막아야” VS “이미 법사위 손 떠나”",https://www.khan.co.kr/politics/politics-general/article/202301161544001,2023.01.16 15:44
70," [단독]국민의힘 당원가입 이유가 전광훈?···검색량으로 분석한 당심, 누구 뽑을까",https://www.khan.co.kr/politics/politics-general/article/202301161511001,2023.01.16 15:11
71," 정진석 “내년 총선, 당대표가 아니라 윤 대통령 얼굴로 치러질 것”",https://www.khan.co.kr/politics/politics-general/article/202301161017001,2023.01.16 10:17
72, 박홍근 “윤 대통령이 해임할 사람은 나경원 아니라 이상민”,https://www.khan.co.kr/politics/politics-general/article/202301161001001,2023.01.16 10:01
73, [리얼미터]윤 대통령 지지율 5주 만에 30%대···나경원 해임한 날 38%,https://www.khan.co.kr/politics/politics-general/article/202301160831001,2023.01.16 08:31
74, 나경원 “윤 대통령 40조 투자 유치 가슴 벅차”···논쟁 중 장제원과 온도차,https://www.khan.co.kr/politics/politics-general/article/202301160814001,2023.01.16 08:14
75, 문재인 정부 인사 모인 정책포럼 사의재 18일 발족···“실추된 국격 회복”,https://www.khan.co.kr/politics/politics-general/article/202301160745001,2023.01.16 07:45
76," 당정, 오늘 교육개혁 방향 논의···특권층 귀족학교 우려 해소될까",https://www.khan.co.kr/politics/politics-general/article/202301160724001,2023.01.16 07:24
77, 설 앞두고 ‘개헌’과 ‘기본사회’ 들고나온 이재명···반전 카드 될까,https://www.khan.co.kr/politics/politics-general/article/202301151645001,2023.01.15 16:45
78," 국민의힘 당권주자들, 잇단 ‘수도권 행보’···속내는 복잡",https://www.khan.co.kr/politics/politics-general/article/202301151619001,2023.01.15 16:19
79, 유승민 “대통령 공격하면 제재?···여기가 북한이냐”,https://www.khan.co.kr/politics/politics-general/article/202301151556001,2023.01.15 15:56
80, 나경원 언급한 2016년 ‘진박감별사’ 논란···결과는 총선 참패,https://www.khan.co.kr/politics/politics-general/article/202301151428001,2023.01.15 14:28
81, 원희룡 장관 “동작구 이사는 아내출근 등 고려한 것···총선 관계 없어”,https://www.khan.co.kr/politics/politics-general/article/202301151213001,2023.01.15 12:13
82," 국회, 설 직전 충돌 전망…북한 무인기·일제 강제동원·이태원 참사 쟁점",https://www.khan.co.kr/politics/politics-general/article/202301151036001,2023.01.15 10:36
83," 나경원, 장제원에 맞불···“제2의 진박감별사 당 쥐락펴락하는데 총선 이기겠나”",https://www.khan.co.kr/politics/politics-general/article/202301150821001,2023.01.15 08:21
84," 젤렌스키, 우크라이나 전쟁 1년 맞아 UN 방문 의사",https://www.khan.co.kr/politics/politics-general/article/202301142012001,2023.01.14 20:12
85," ‘공동 기자회견’ 없던 미·일 정상회담, 바이든 ‘기밀 유출 의혹’ 부담 탓?",https://www.khan.co.kr/politics/politics-general/article/202301141958001,2023.01.14 19:58
86, 민주당 “이재명 변호사비 대납? 새빨간 거짓말”,https://www.khan.co.kr/politics/politics-general/article/202301141935001,2023.01.14 19:35
87," 이준석, 전당대회 앞두고 장제원 저격?…“‘사무총장 호소인’ 심판하면 돼”",https://www.khan.co.kr/politics/politics-general/article/202301141708001,2023.01.14 17:08
88, 이재명 “이태원 참사 국정조사 이후에도 진상규명 이어갈 방안 마련할 것“,https://www.khan.co.kr/politics/politics-general/article/202301141612001,2023.01.14 16:12
89," 나경원 측, ‘김기현 1위’ 여론 조사에 “여론 마사지” 반발",https://www.khan.co.kr/politics/politics-general/article/202301141559001,2023.01.14 15:59
90," 민주당 시·도지사들, 설 앞두고 노무현 묘역 참배",https://www.khan.co.kr/politics/politics-general/article/202301141524001,2023.01.14 15:24
91," 허은아 의원, 장제원 ‘한 줌 반윤’ 언급에 “오만한 낙인찍기”",https://www.khan.co.kr/politics/politics-general/article/202301141252001,2023.01.14 12:52
92," 윤 대통령, 새해 첫 해외순방 출국···“모든 일정, 경제에 초점”",https://www.khan.co.kr/politics/politics-general/article/202301141007001,2023.01.14 10:07
93," 김기현, 국민의힘 당대표 지지율 1위···나경원과 오차범위",https://www.khan.co.kr/politics/politics-general/article/202301140934001,2023.01.14 09:34
94," 장제원 “나경원, 통속적인 정치신파극”···저격 이어가",https://www.khan.co.kr/politics/politics-general/article/202301140919001,2023.01.14 09:19
95," 나경원, ‘친윤 어필’하며 정식 사직서 제출…설 연휴 대표 출마 선언하나",https://www.khan.co.kr/politics/politics-general/article/202301131657001,2023.01.13 16:57
96, 야 3당 “이태원 참사 특수본 수사는 ‘꼬리자르기’···특검 수사 불가피”,https://www.khan.co.kr/politics/politics-general/article/202301131619011,2023.01.13 16:19
97," [스팟+터뷰] 이탄희, ‘대선 결선투표제법’ 발의···“반사이익 노리는 혐오정치 끝내야”",https://www.khan.co.kr/politics/politics-general/article/202301131609001,2023.01.13 16:09
98," ‘강제동원 제3자 변제’ 공식화 다음날, 한·일 외교장관 통화",https://www.khan.co.kr/politics/politics-general/article/202301131550001,2023.01.13 15:50
99, 주호영 “이재명 자기 발등 급한 불 두고 딴청부려”···정치개혁안 제안에 부정 반응,https://www.khan.co.kr/politics/politics-general/article/202301131131001,2023.01.13 11:31
100, 민주당 “북한 무인기 침범은 대통령실 이전 때문···감사 실시해야”,https://www.khan.co.kr/politics/politics-general/article/202301131115011,2023.01.13 11:15
101, [단독]다시 몸집 키우는 국정원···국정원 개혁 후퇴하나,https://www.khan.co.kr/politics/politics-general/article/202301130600021,2023.01.13 06:00
102," 나경원, 13일 사직서 낸다···“사의에 대한 확고한 의지”",https://www.khan.co.kr/politics/politics-general/article/202301122052011,2023.01.12 20:52
103," 민주당, 강제동원 정부안에 “피해자 짓밟고 일본 기업 이익 대변하나”",https://www.khan.co.kr/politics/politics-general/article/202301121741001,2023.01.12 17:41
104," 11년만에 통일부 ‘따로’ 업무보고…대북 압박 우선, 대화 후순위 현실",https://www.khan.co.kr/politics/politics-general/article/202301121711011,2023.01.12 17:11
105," 이준석, 전당대회서 ‘존재감 증명’할까…최고위원 선거 영향 있을 듯",https://www.khan.co.kr/politics/politics-general/article/202301121656001,2023.01.12 16:56
106, ‘전통문화 계승’ 한복입고 본의회 참석한 충북도의회 의원들…시민단체 “혈세낭비” 비판,https://www.khan.co.kr/politics/politics-general/article/202301121549011,2023.01.12 15:49
107," 눈물 바다된 국정조사, 이태원 참사 유가족 “경찰, 오빠 손대지 말라고···마지막 기회였는데”",https://www.khan.co.kr/politics/politics-general/article/202301121536001,2023.01.12 15:36
108, SRT 서대전역 경유 배제에 대전 지역사회 반발,https://www.khan.co.kr/politics/politics-general/article/202301121453001,2023.01.12 14:53
109, 이태원 참사 생존자 “장관·총리·의원이 2차가해···이상민 브리핑 보며 무너져”,https://www.khan.co.kr/politics/politics-general/article/202301121433001,2023.01.12 14:33
110," 김용태vs장예찬, ‘엄카’ 논쟁···실상은 표심 계산?",https://www.khan.co.kr/politics/politics-general/article/202301121359001,2023.01.12 13:59
111, [NBS] 이재명 검찰 출석 전후 민주당 지지율 더 떨어져···국민의힘과 격차 8%P,https://www.khan.co.kr/politics/politics-general/article/202301121157001,2023.01.12 11:57
112," 윤 대통령 부부, 호국영웅 등에 설 선물 전달",https://www.khan.co.kr/politics/politics-general/article/202301121113001,2023.01.12 11:13
113, 정진석 “간첩은 국정원이 잡아야···대공수사권 경찰 이전은 자발적 무장해제”,https://www.khan.co.kr/politics/politics-general/article/202301121043001,2023.01.12 10:43
114," ‘북한 무인기 사태’ 논의, 국방위·외통위 다음주 개최",https://www.khan.co.kr/politics/politics-general/article/202301121002001,2023.01.12 10:02
115, ‘이태원 3차 청문회’ 유족은 오고 이상민은 안 온다,https://www.khan.co.kr/politics/politics-general/article/202301120829001,2023.01.12 08:29
116, 이재명 오늘 신년 기자회견…‘검찰 수사’ 어디까지 말할까,https://www.khan.co.kr/politics/politics-general/article/202301120755001,2023.01.12 07:55
117, [포토뉴스] 대구 서문시장 찾은 김건희 여사,https://www.khan.co.kr/politics/politics-general/article/202301112103035,2023.01.11 21:03
118," 인천 간 이재명, 지지층 결집해 ‘돌파’ 다짐",https://www.khan.co.kr/politics/politics-general/article/202301112103025,2023.01.11 21:03
119," 옛 정보관 조직 ‘IO’ 역할 유사 ‘경제협력단’ 신설…국정원, ‘음지’로 돌아가나",https://www.khan.co.kr/politics/politics-general/article/202301112052005,2023.01.11 20:52
120," 김경수, 문재인 전 대통령 만나 새해 인사···2년 만의 재회",https://www.khan.co.kr/politics/politics-general/article/202301111751001,2023.01.11 17:51
121," 총선 1년여 앞둔 국회, ‘준연동형 비례대표제·중대선거구제’ 논의 본격화",https://www.khan.co.kr/politics/politics-general/article/202301111714011,2023.01.11 17:14
122," 보폭 넓히는 김건희 여사, 설 앞두고 대구 서문시장 방문",https://www.khan.co.kr/politics/politics-general/article/202301111644001,2023.01.11 16:44
123, 민주당 “이재명 진술 언론 유출은 명백한 공무상 비밀누설죄”,https://www.khan.co.kr/politics/politics-general/article/202301111608011,2023.01.11 16:08
124," [단독] 국정원, 재계 담당 IO 부활?···신설 경제안보국 산하 ‘경제협력단’ 만들었다",https://www.khan.co.kr/politics/politics-general/article/202301111533001,2023.01.11 15:33
125, 공공 업무용으로 ‘갤럭시’ 대신 ‘아이폰’ 사용 가능해진다,https://www.khan.co.kr/politics/politics-general/article/202301111443001,2023.01.11 14:43
126," 김진표, ‘윤 대통령 풍자화 철거’에 “특정 개인 모욕 목적으로 국회 쓰이는 건 옳지 않아”",https://www.khan.co.kr/politics/politics-general/article/202301111408001,2023.01.11 14:08
127," 유승민·홍준표, 대구서 충돌···“수없이 말 바꿔” VS “연탄가스”",https://www.khan.co.kr/politics/politics-general/article/202301111402001,2023.01.11 14:02
128, “윤석열 정부 성공” 빠르게 삼창한 나경원…왜?,https://www.khan.co.kr/politics/politics-general/article/202301111122001,2023.01.11 11:22
129," 국민의힘 “이재명 말 공감, 기소될 것”",https://www.khan.co.kr/politics/politics-general/article/202301111044001,2023.01.11 10:44
